customer_id,archetype,area_type,assortment_reliability,wallet_share
1,trialist,established,0.8439754048105522,0.40383299633873676
2,trialist,established,0.7550268489743583,0.5956503601551231
3,habitual_regular,established,0.8090682230431558,0.6502809063722882
4,promo_hunter,established,0.6734205204807114,0.4411361780529438
5,trialist,established,0.648202683936052,0.4040286118681035
6,trialist,established,0.7813405782675423,0.7654083166685416
7,habitual_regular,established,0.8625339272765993,0.586115912887861
8,habitual_regular,established,0.7104990483169505,0.34359220702449
9,habitual_regular,new_society,0.8719070411419089,0.4911713058546221
10,habitual_regular,established,0.7563446928773164,0.34294125530831715
11,habitual_regular,new_society,0.7966135073156567,0.5674182660335451
12,trialist,new_society,0.9525722071453391,0.46949595403225186
13,trialist,new_society,0.9683148347113192,0.720165820553077
14,trialist,new_society,0.6715076472189998,0.5509736987856594
15,promo_hunter,new_society,0.8302933634172626,0.5921313135952924
16,trialist,new_society,0.8542222938496908,0.23152448877712908
17,habitual_regular,established,0.7981507081161724,0.5745064338358039
18,promo_hunter,established,0.9178478934038466,0.636050175124635
19,habitual_regular,established,0.7516738659141519,0.9167666479284468
20,habitual_regular,new_society,0.8369391327573478,0.9432248627460948
21,promo_hunter,established,0.756486869390356,0.13998759382218323
22,trialist,established,0.8488727622982921,0.5028754897563948
23,promo_hunter,established,0.9367616164410886,0.4956009710799312
24,trialist,established,0.6640693654668663,0.5539949885674227
25,trialist,new_society,0.9833812172208926,0.5649138334827434
26,promo_hunter,established,0.8899885789741793,0.5689185912638238
27,trialist,established,0.5631551008306006,0.33349384641889246
28,habitual_regular,new_society,0.6799751740264942,0.3838652911932837
29,promo_hunter,established,0.4564840431504632,0.17837780168860112
30,promo_hunter,new_society,0.9617002651909677,0.14798279385572685
31,promo_hunter,established,0.951516909699286,0.7772735773588386
32,power_user,established,0.9673117971680816,0.7253030274975436
33,habitual_regular,new_society,0.9554223524043892,0.7768851806385983
34,trialist,established,0.8415866554603786,0.6637779173639902
35,promo_hunter,new_society,0.7378087423313844,0.5815627499625212
36,trialist,established,0.6992490462266409,0.37775031933254355
37,promo_hunter,new_society,0.7087323915250863,0.2681317384751592
38,promo_hunter,established,0.8742845280027456,0.3378962679636612
39,trialist,new_society,0.6043699143795677,0.5361189257134784
40,promo_hunter,new_society,0.8322821264322382,0.4416566944840411
41,trialist,new_society,0.7610504742622937,0.7179317169743191
42,habitual_regular,new_society,0.8875726796305551,0.24640462776041164
43,trialist,new_society,0.8671150238144733,0.5494352607984465
44,power_user,established,0.886600116491404,0.8625174777607123
45,trialist,established,0.7810238767307105,0.5300146107669739
46,promo_hunter,established,0.9709816179880574,0.587905333051879
47,trialist,established,0.844783484605471,0.5906204445127866
48,habitual_regular,established,0.7435128262048202,0.7680009124061783
49,trialist,established,0.8442309554148444,0.6345700466526528
50,promo_hunter,new_society,0.90961896577264,0.3950605594416536
51,habitual_regular,new_society,0.7346855774283138,0.3771242083405699
52,promo_hunter,established,0.8792670379139598,0.15597087563747156
53,habitual_regular,new_society,0.715503518945631,0.5584907273029023
54,promo_hunter,new_society,0.9300166951259146,0.790713149803987
55,trialist,new_society,0.8816334765293619,0.4191771687481647
56,habitual_regular,established,0.8409013336501266,0.3991285789417614
57,trialist,established,0.8631705414591667,0.6997061572575709
58,habitual_regular,established,0.9165445567906869,0.9193908754408596
59,trialist,new_society,0.7799904478946127,0.42936127480229186
60,habitual_regular,established,0.5888288306393404,0.6078716835482594
61,habitual_regular,established,0.8809521995238008,0.4915792365736189
62,trialist,established,0.9170159819865575,0.685775682660523
63,promo_hunter,established,0.6741927273333549,0.16241973295193624
64,promo_hunter,new_society,0.5884720350830621,0.4890296661686009
65,trialist,established,0.6879837965054367,0.14727902212156793
66,promo_hunter,established,0.8064166572754131,0.4950160768268312
67,promo_hunter,new_society,0.7992774369961965,0.6292398046533305
68,habitual_regular,established,0.6681122140158269,0.252924144553569
69,habitual_regular,established,0.8410527745617449,0.8361949137396703
70,habitual_regular,established,0.8498561198384664,0.6550471355879508
71,habitual_regular,established,0.8616624089638726,0.6494842358413527
72,habitual_regular,new_society,0.8647322535585215,0.7106496998288674
73,trialist,new_society,0.8480259515929536,0.8012164125310871
74,habitual_regular,established,0.7073038034127113,0.6726323314204199
75,power_user,new_society,0.8894055972133914,0.6757711659482728
76,trialist,established,0.6593349597142066,0.5714935033942443
77,habitual_regular,established,0.8267359376455293,0.7944920172799176
78,promo_hunter,new_society,0.9475768792107829,0.5491747104905192
79,trialist,established,0.636137524516123,0.4511098360702895
80,power_user,established,0.7182382636475892,0.7011263768700517
81,trialist,established,0.7810494987818511,0.4536787858359056
82,habitual_regular,established,0.6037158260342217,0.496835759029765
83,promo_hunter,new_society,0.859259207368836,0.390849566927578
84,promo_hunter,established,0.8874312703291334,0.3968868226475993
85,trialist,new_society,0.7669162167329083,0.22032495588345707
86,promo_hunter,new_society,0.923466025183274,0.28166177271429854
87,promo_hunter,new_society,0.7152278006741308,0.26547978743476247
88,habitual_regular,new_society,0.8880743385396315,0.5798818787416224
89,habitual_regular,new_society,0.9435066508765346,0.576234632642621
90,trialist,established,0.8618556296171064,0.2775480952885593
91,promo_hunter,established,0.874330603380267,0.3759272907611275
92,habitual_regular,new_society,0.9433898737404224,0.5691826684495749
93,habitual_regular,established,0.8667664682162128,0.7957805147394869
94,trialist,new_society,0.6610414538948893,0.2350657518915909
95,habitual_regular,established,0.8513743979797582,0.4945160295271415
96,trialist,established,0.6352896002893692,0.4790197457567709
97,promo_hunter,new_society,0.7643885911369214,0.37220640523301146
98,trialist,established,0.90398875024543,0.4564930853414943
99,trialist,established,0.724174090721042,0.4177402635140428
100,trialist,established,0.870389442302823,0.32230208540237576
101,promo_hunter,new_society,0.9128396326487079,0.39187697749731004
102,power_user,new_society,0.8364198076267539,0.7381869392247398
103,promo_hunter,established,0.9165440910523193,0.5868395203859452
104,trialist,established,0.8957227234803838,0.6710002304711825
105,habitual_regular,established,0.9182642642345173,0.6645333214847285
106,habitual_regular,new_society,0.8779118484839705,0.49389776734655755
107,promo_hunter,established,0.7795130748040798,0.18224546656908044
108,promo_hunter,established,0.7519598829916703,0.18640299612614478
109,trialist,established,0.9483415483219404,0.5346812615851354
110,habitual_regular,established,0.9352551472050238,0.39242679748524767
111,trialist,new_society,0.933465729167458,0.1158042035557778
112,habitual_regular,established,0.8762604052963511,0.798528148773284
113,promo_hunter,new_society,0.8671749043701458,0.09044056195927498
114,power_user,established,0.7959819341657275,0.9127530873824433
115,habitual_regular,established,0.6820782200036056,0.3173496551993948
116,power_user,new_society,0.9434410775045193,0.9620396144847086
117,trialist,established,0.8346250904183484,0.3562302294763784
118,power_user,established,0.8135586273999346,0.8902334559351189
119,trialist,new_society,0.5829059571539764,0.6785862012495519
120,habitual_regular,established,0.8209677687996879,0.7269815529304656
121,trialist,new_society,0.8088436350137362,0.6214020102104767
122,promo_hunter,new_society,0.8089306490311874,0.18637340162624522
123,habitual_regular,established,0.8914058487241943,0.4202392186002636
124,power_user,established,0.7793316275298972,0.5539536538411121
125,promo_hunter,established,0.8753049376363897,0.1705986587269855
126,promo_hunter,new_society,0.7978015948579105,0.31756418027424355
127,promo_hunter,established,0.5961201234545132,0.2436246087285184
128,promo_hunter,established,0.8440864078061291,0.48259738397108587
129,habitual_regular,established,0.9036416518327356,0.6359476128775474
130,trialist,new_society,0.9654287377050265,0.42314040583083007
131,trialist,established,0.8466381401626644,0.5468907930267841
132,promo_hunter,established,0.577160838005006,0.35528132083288266
133,trialist,new_society,0.9000807219084365,0.631175724500747
134,power_user,established,0.8633810530037701,0.921162867181104
135,trialist,established,0.8917019100802217,0.7354694082208543
136,habitual_regular,established,0.576567465194071,0.4124256097871787
137,trialist,established,0.9663453714446475,0.38399388148319763
138,trialist,established,0.9197558445310106,0.2697358781892716
139,power_user,new_society,0.8600544082225822,0.7478682771486883
140,promo_hunter,established,0.8832369979551781,0.1711898333660007
141,promo_hunter,established,0.8222426231405313,0.5237750922759493
142,habitual_regular,established,0.913729060624258,0.5444921066379393
143,habitual_regular,established,0.5474124558872734,0.9206208341207466
144,habitual_regular,established,0.9019171012036702,0.666168552642567
145,trialist,new_society,0.8877332814563398,0.43538630723972177
146,promo_hunter,established,0.8732658103589133,0.26550878639516085
147,promo_hunter,new_society,0.9145786485685952,0.4977392614350391
148,promo_hunter,new_society,0.73632361453386,0.2636200692429074
149,promo_hunter,new_society,0.9629020122930565,0.6258944840390915
150,power_user,established,0.7006390431750664,0.853852007365738
151,habitual_regular,new_society,0.6939052195304146,0.5687712564557895
152,trialist,established,0.909593588777447,0.712840556259416
153,promo_hunter,established,0.9653795907945979,0.5508426160141547
154,trialist,established,0.6391900943360885,0.26214221073449784
155,promo_hunter,established,0.9226893069916706,0.3383195804722591
156,power_user,new_society,0.9505434144628938,0.9301861556987587
157,promo_hunter,established,0.9014213097948681,0.7698793518942878
158,habitual_regular,established,0.8619279048546403,0.6481461703242044
159,promo_hunter,established,0.6588559661528599,0.5846149086675942
160,trialist,established,0.5385543471837894,0.45111776492334293
161,promo_hunter,established,0.8600676474907201,0.4112328506128372
162,promo_hunter,established,0.7046208771638676,0.6716465446469777
163,trialist,established,0.7865139418626997,0.45108331226220033
164,promo_hunter,new_society,0.8705724780063749,0.36193342985428706
165,promo_hunter,established,0.7954790562566437,0.3248380914956655
166,habitual_regular,established,0.7251945264960945,0.39019228136781386
167,promo_hunter,established,0.7399827731763466,0.13529427422693577
168,promo_hunter,new_society,0.8889328769029443,0.09676255646769043
169,promo_hunter,established,0.9411477698634829,0.19334350916368095
170,trialist,established,0.7781526831121666,0.28499312823842976
171,trialist,new_society,0.9436803256536093,0.4637001489939027
172,trialist,new_society,0.8832548168916706,0.7184568137923042
173,habitual_regular,new_society,0.7175774074288284,0.382750638916427
174,trialist,established,0.8435514435367669,0.6851412137417203
175,habitual_regular,established,0.5484728194485506,0.6223816322435045
176,trialist,established,0.8216916260794495,0.35188327011796033
177,habitual_regular,established,0.7551788366804497,0.8860114141949839
178,promo_hunter,new_society,0.7491370190084297,0.704308191002526
179,habitual_regular,new_society,0.6176364079761926,0.8195570867190786
180,habitual_regular,established,0.7917340112868246,0.730393968786479
181,habitual_regular,established,0.7375727320454939,0.5811381309686018
182,trialist,new_society,0.8267265765862389,0.4190700848270725
183,habitual_regular,new_society,0.5188786472854894,0.3903949706175051
184,promo_hunter,new_society,0.9376338147201255,0.21189113833312043
185,habitual_regular,new_society,0.591415885595669,0.6268871755000962
186,habitual_regular,established,0.7799257183199427,0.49145760380300996
187,power_user,new_society,0.8312871646081156,0.910795918220212
188,promo_hunter,established,0.8370252545419431,0.5542267897566724
189,promo_hunter,established,0.9078535357700356,0.1742768368607406
190,habitual_regular,new_society,0.8065515434446641,0.7530498039474298
191,habitual_regular,new_society,0.905355361174169,0.5706711968387953
192,habitual_regular,new_society,0.9360325484418954,0.6178968274850902
193,trialist,established,0.8633380447081054,0.7396126716752714
194,promo_hunter,established,0.7789643919265626,0.30026347508409024
195,trialist,established,0.9012243950582525,0.5448888873528307
196,habitual_regular,established,0.9194810693866309,0.816728226764147
197,promo_hunter,established,0.6389144902294952,0.375454742412906
198,habitual_regular,established,0.6225691002559277,0.643846226532575
199,power_user,established,0.7705113284265722,0.770849594738705
200,promo_hunter,established,0.9629587378134972,0.43692067963527126
201,habitual_regular,new_society,0.9161454646297525,0.6301665594775806
202,promo_hunter,new_society,0.8688470467914645,0.43772032742276823
203,habitual_regular,established,0.7793551781438395,0.3816151188934486
204,promo_hunter,established,0.5355860749448529,0.5112624587956847
205,habitual_regular,established,0.772565224366228,0.7430406173800853
206,promo_hunter,established,0.726567668746443,0.15205200655678872
207,promo_hunter,established,0.8847346911300749,0.4657129819336607
208,trialist,new_society,0.8851155297373335,0.5672755913418921
209,habitual_regular,established,0.8552398207950083,0.8209557377897854
210,power_user,new_society,0.8523270647237479,0.8743564896635779
211,trialist,new_society,0.6724309020499379,0.542172407859448
212,habitual_regular,established,0.5731237837832063,0.8423499606569211
213,habitual_regular,new_society,0.7896473883166939,0.6017846274826678
214,power_user,new_society,0.6387957962564164,0.8947967331564428
215,promo_hunter,established,0.8923662084557947,0.12353161974973041
216,power_user,established,0.8038950265517072,0.8875289150616367
217,habitual_regular,new_society,0.9501403883120241,0.40349307597242023
218,trialist,new_society,0.7915315736394098,0.5636548201889229
219,promo_hunter,established,0.7195396084271318,0.14488475749695057
220,trialist,new_society,0.7803407679391593,0.8604193569513471
221,promo_hunter,new_society,0.46370539500520086,0.2601914561529244
222,trialist,new_society,0.7893856307605939,0.779250869757668
223,habitual_regular,established,0.683226427623998,0.3058232007349113
224,habitual_regular,new_society,0.49585682150779564,0.6648440815515434
225,promo_hunter,established,0.9438816810654739,0.448225553786115
226,habitual_regular,new_society,0.8700797392658634,0.5888813737092738
227,habitual_regular,new_society,0.6575271682058542,0.7333931320193839
228,promo_hunter,established,0.9737383958193649,0.5188021517392915
229,promo_hunter,new_society,0.8471719032576727,0.7091420378258673
230,promo_hunter,established,0.9190838406192495,0.6574728127957451
231,power_user,new_society,0.5784258961251822,0.749294666027162
232,promo_hunter,established,0.8615555084502043,0.27552411145283806
233,habitual_regular,established,0.956661833572814,0.747018063945739
234,habitual_regular,new_society,0.8161500545490746,0.424374105529263
235,trialist,new_society,0.860916115789585,0.46562802099096684
236,trialist,established,0.8094469176978105,0.2219756227303095
237,habitual_regular,new_society,0.9271126836161775,0.7501877285627996
238,promo_hunter,established,0.5436825105054647,0.4033973054584905
239,habitual_regular,new_society,0.43030051966728355,0.5770088382740192
240,promo_hunter,new_society,0.9910248133085555,0.06652125781081406
241,promo_hunter,new_society,0.8799110845063768,0.21431091238865246
242,promo_hunter,new_society,0.8445628945298642,0.4210430163729165
243,habitual_regular,new_society,0.7906512571997205,0.7501222762055194
244,habitual_regular,new_society,0.7546666337331802,0.5754257942408352
245,habitual_regular,established,0.9041337717430435,0.8305119456245333
246,habitual_regular,new_society,0.7978885481454482,0.7450761170477751
247,trialist,established,0.7298486451209749,0.4175522058681574
248,trialist,established,0.8402222647529727,0.5348094730649657
249,habitual_regular,established,0.8733795171254931,0.7574782985334763
250,promo_hunter,new_society,0.901886199583666,0.29930637563833334
251,promo_hunter,established,0.891739709239642,0.706832104148423
252,trialist,new_society,0.805863242141959,0.5505555375641408
253,habitual_regular,established,0.8923236980934764,0.44628466559121893
254,trialist,established,0.7575709548001709,0.4892509853004654
255,trialist,established,0.651426086812582,0.464878051824055
256,promo_hunter,established,0.9759286224712339,0.17990181365027258
257,power_user,established,0.9413977457957428,0.5585080794589053
258,habitual_regular,established,0.9518607921650593,0.7394481272953983
259,promo_hunter,new_society,0.788588369798009,0.2817996112177637
260,trialist,new_society,0.9274030207818661,0.5547725315978689
261,promo_hunter,established,0.6667069973435579,0.4073199984672388
262,promo_hunter,new_society,0.85223288688505,0.5553162410820678
263,habitual_regular,new_society,0.5946285632285722,0.20184582255909894
264,power_user,established,0.7272158434780231,0.8554621242619085
265,habitual_regular,established,0.7797774738736997,0.722354033942776
266,power_user,new_society,0.530255887027814,0.8827398232085373
267,promo_hunter,new_society,0.8028855623791499,0.37041184722171766
268,promo_hunter,new_society,0.7337451237525642,0.5078868830790051
269,promo_hunter,established,0.7423759828765553,0.38884507319173967
270,promo_hunter,new_society,0.8022814266511188,0.16506307009612972
271,habitual_regular,established,0.8651116104212603,0.6942560134759519
272,promo_hunter,established,0.7124441389545594,0.228821603286687
273,promo_hunter,established,0.9270864549985969,0.41900650944684154
274,power_user,new_society,0.9104393109753001,0.9312033921009907
275,habitual_regular,established,0.8801318123242343,0.5993947455400912
276,power_user,established,0.8969350017480306,0.9722257453551918
277,trialist,established,0.8492283068463792,0.39295398435399626
278,habitual_regular,new_society,0.5224437376000101,0.640498424027948
279,promo_hunter,established,0.7207028229919635,0.7135109742854607
280,trialist,established,0.9603058620384649,0.5586257046299404
281,trialist,new_society,0.8587853550240755,0.4267677651093977
282,habitual_regular,new_society,0.799928889845461,0.41571513597465803
283,power_user,new_society,0.6420424550378919,0.9002851520952072
284,habitual_regular,established,0.9035116550454653,0.7756598744136868
285,trialist,established,0.7104634537094136,0.34399520229479486
286,habitual_regular,established,0.8977396712494989,0.30496576841748874
287,promo_hunter,established,0.7451474111527292,0.8313572291240593
288,habitual_regular,established,0.5625495856692139,0.6249603559010096
289,promo_hunter,new_society,0.8969217121904475,0.4055121579990381
290,power_user,established,0.9122739091665886,0.8043804022585015
291,trialist,established,0.8492455295304172,0.6528329046123001
292,habitual_regular,new_society,0.8471179951892415,0.7343056560887581
293,promo_hunter,established,0.6548782411648226,0.43935810851186774
294,habitual_regular,new_society,0.8223232063457535,0.34874879845278406
295,promo_hunter,established,0.7433433619882084,0.15718108725901692
296,habitual_regular,new_society,0.8327730518413545,0.439758724775088
297,promo_hunter,established,0.9260052621584564,0.40929159178928354
298,promo_hunter,new_society,0.49047612189539813,0.40966991061769614
299,promo_hunter,established,0.8254674785071311,0.2113290220136506
300,trialist,established,0.839600974769143,0.8270311966902342
301,habitual_regular,established,0.7905285073588603,0.7332042063049998
302,promo_hunter,established,0.8414512704418295,0.2972693876513254
303,trialist,new_society,0.8579965602278634,0.7990290384608021
304,trialist,established,0.9260276635190509,0.5033004925724178
305,trialist,new_society,0.7904936956739637,0.22868888635508092
306,promo_hunter,established,0.9178625058339047,0.21458492251161784
307,trialist,new_society,0.5340398523330675,0.47091605433016087
308,promo_hunter,established,0.8837602394053272,0.5514610864291851
309,trialist,new_society,0.8871137499705788,0.49980710822501845
310,promo_hunter,new_society,0.8279068400409287,0.31565886641531726
311,promo_hunter,established,0.6477091689047373,0.38495700751605444
312,promo_hunter,established,0.8700190572350335,0.3104792097519615
313,trialist,established,0.6084075286993238,0.4307873043357232
314,power_user,established,0.900737468110844,0.9420772202514746
315,promo_hunter,new_society,0.8607787185574954,0.44952697204817865
316,promo_hunter,established,0.9643093243343831,0.39685869055784145
317,habitual_regular,established,0.8480689620883671,0.4257863854566677
318,promo_hunter,established,0.6707049596413209,0.37956652515429445
319,promo_hunter,new_society,0.807645598501865,0.4009603831071941
320,habitual_regular,new_society,0.8769586931709619,0.6883018218506294
321,promo_hunter,established,0.9106405086247348,0.40551834972412276
322,habitual_regular,new_society,0.9114635289681327,0.40763952947494214
323,habitual_regular,new_society,0.6678414260274661,0.4761846605708979
324,habitual_regular,new_society,0.8296292529095933,0.7732032897294797
325,trialist,new_society,0.81357997235899,0.5268172987881072
326,habitual_regular,established,0.712521044127956,0.8110744037237376
327,promo_hunter,established,0.7689592691597108,0.5065573517624538
328,trialist,established,0.782432016953129,0.46681049528095836
329,promo_hunter,new_society,0.6438624817262998,0.3779292890764688
330,trialist,established,0.46189772671584833,0.6949085917591035
331,promo_hunter,established,0.6434184622240313,0.4796259401283682
332,promo_hunter,new_society,0.804559942470692,0.3819024241435873
333,trialist,established,0.8864380321441883,0.7239181500672813
334,trialist,established,0.9693913836264035,0.37028232511085346
335,habitual_regular,established,0.7499769218823885,0.7329491078548244
336,promo_hunter,new_society,0.5606420466881784,0.10260720720187681
337,habitual_regular,established,0.9733449163752738,0.35664121212112115
338,habitual_regular,new_society,0.7699618583831422,0.48640824943085015
339,promo_hunter,established,0.8655279763940196,0.2598819672609944
340,habitual_regular,new_society,0.7382084130478078,0.47376336255009976
341,habitual_regular,established,0.8280307069895816,0.7495711134491692
342,power_user,new_society,0.5720647190894101,0.9690069290358962
343,trialist,established,0.8767001497452936,0.5068030651655645
344,power_user,new_society,0.8261052762826497,0.7364865000531183
345,promo_hunter,established,0.7831556075505914,0.5289055711210546
346,promo_hunter,established,0.9498063156852194,0.48591414031106145
347,habitual_regular,new_society,0.6258944952308272,0.6277102346483032
348,power_user,established,0.8737357793549074,0.9075942263642011
349,habitual_regular,new_society,0.6972698720335805,0.08208438874631437
350,promo_hunter,established,0.4588769461312136,0.35684952754845434
351,habitual_regular,established,0.7247125419025877,0.881087733587624
352,promo_hunter,established,0.8140243963523452,0.439491844784324
353,promo_hunter,established,0.8044810852920488,0.6110622340082537
354,trialist,new_society,0.7389604745761396,0.6076747416247531
355,trialist,new_society,0.9000340872848204,0.5055307565825549
356,trialist,established,0.9159716124309536,0.7402302748451393
357,habitual_regular,established,0.9740480045593812,0.8411295801480657
358,promo_hunter,established,0.8213235634729246,0.4911439362994189
359,habitual_regular,new_society,0.9056993653930034,0.9058125909019454
360,habitual_regular,established,0.8299295451872671,0.7088101551671452
361,trialist,new_society,0.984050761893029,0.21670597526205568
362,habitual_regular,established,0.8586781145890039,0.8072015024724859
363,trialist,established,0.8109662141306619,0.5873597088596118
364,promo_hunter,new_society,0.8879650022673348,0.38024263247975876
365,trialist,established,0.8209928022910268,0.3768386584423995
366,trialist,new_society,0.7534281098053818,0.34253930677347777
367,promo_hunter,new_society,0.9263694313776115,0.10826448096381425
368,promo_hunter,established,0.9099806785942693,0.33739507793791823
369,habitual_regular,established,0.8228708098820832,0.5453141028973909
370,promo_hunter,established,0.8331021337475675,0.3875964256688681
371,promo_hunter,established,0.8418044201616756,0.3817785885648933
372,habitual_regular,new_society,0.8414657787379204,0.7076161525323315
373,trialist,established,0.9552324192900618,0.3852688687422454
374,trialist,established,0.9633283595517826,0.46399201047692096
375,habitual_regular,established,0.7946483492726849,0.2951129306750336
376,trialist,new_society,0.8278362866576753,0.5716855262227961
377,promo_hunter,established,0.760315759731207,0.34624351587448243
378,promo_hunter,new_society,0.7373124499191944,0.14187191970806276
379,promo_hunter,established,0.8013428753038213,0.22273743358696865
380,promo_hunter,established,0.8887861484722438,0.1307393666992768
381,promo_hunter,new_society,0.8163513535716458,0.08257418262090557
382,habitual_regular,established,0.7085719919668221,0.5210144376934238
383,habitual_regular,established,0.7986550201270499,0.6292675291778845
384,trialist,established,0.5949904504403073,0.32513627263967004
385,trialist,new_society,0.9068291789046165,0.4557424370824422
386,promo_hunter,new_society,0.871154460193626,0.21375279020188295
387,promo_hunter,established,0.5083317554098962,0.5892305606573028
388,trialist,new_society,0.7950857874000679,0.6732925729108186
389,trialist,established,0.8276262527038463,0.7037307243065395
390,promo_hunter,new_society,0.8474210832813254,0.36921482123175325
391,trialist,new_society,0.8391860694883788,0.6749508219401952
392,habitual_regular,new_society,0.8610433119473635,0.6089794608373365
393,habitual_regular,established,0.789738800478555,0.4571169922166829
394,trialist,established,0.9174013663260981,0.5265472262214341
395,habitual_regular,new_society,0.8980075663336347,0.6099645120496966
396,habitual_regular,new_society,0.5007800463588801,0.6431641371326775
397,trialist,established,0.7563120672741397,0.4191421989415284
398,habitual_regular,new_society,0.7983207047581925,0.5227420778005579
399,habitual_regular,established,0.7141895637474165,0.3422118632620988
400,power_user,established,0.8602211063341587,0.8582703768943376
401,habitual_regular,established,0.7223115525107623,0.5622482024962845
402,trialist,new_society,0.5828043552067019,0.5332918724246641
403,habitual_regular,established,0.7645822839480247,0.8760659978310054
404,habitual_regular,established,0.8562881377112985,0.733541298637734
405,habitual_regular,established,0.7874147242961435,0.23421344866337027
406,promo_hunter,established,0.849136872353712,0.3027321275996371
407,promo_hunter,new_society,0.6727014727784668,0.4406892480727373
408,habitual_regular,new_society,0.719408621699142,0.7574070910206662
409,power_user,established,0.9706673173989998,0.9198248084124558
410,trialist,established,0.5025060828605412,0.7301386386269944
411,power_user,new_society,0.8226304583211131,0.9318622413056149
412,promo_hunter,new_society,0.6993624311690066,0.28366568692447
413,power_user,established,0.8925497091577727,0.8318727126074329
414,promo_hunter,established,0.8610685352084131,0.08982913099509801
415,promo_hunter,established,0.6445505054383748,0.5407656618041202
416,habitual_regular,established,0.8435465178521346,0.9074207941115149
417,power_user,new_society,0.9065306143199853,0.7145557448619175
418,promo_hunter,established,0.47586557943388325,0.49680746229749356
419,promo_hunter,established,0.7008703707321494,0.3410172499275514
420,promo_hunter,established,0.5114935585246193,0.3294326669604321
421,promo_hunter,established,0.7746438535946357,0.22386395912577428
422,habitual_regular,established,0.4953074025209245,0.6649977575368807
423,habitual_regular,established,0.8271662265322741,0.7212486728676194
424,habitual_regular,new_society,0.8012598776268504,0.6693679858900241
425,promo_hunter,established,0.8724242438163414,0.26352213987048523
426,promo_hunter,new_society,0.8784100312044136,0.320859837876097
427,habitual_regular,new_society,0.6813700464598776,0.514708092505554
428,habitual_regular,new_society,0.7417128858048291,0.7271193041761999
429,trialist,established,0.8245960742275572,0.26413368825915107
430,promo_hunter,established,0.7103949605814188,0.2658265186403786
431,trialist,new_society,0.7015507541840286,0.7687197409642224
432,trialist,established,0.9454486842021056,0.6445193655831003
433,habitual_regular,established,0.852194940485135,0.7963998438547825
434,habitual_regular,established,0.8873221308443119,0.7870166267593534
435,power_user,established,0.8207679747939851,0.7846198044182061
436,promo_hunter,new_society,0.9053628194769575,0.17216278853910946
437,promo_hunter,new_society,0.8439214124495951,0.7159133874137312
438,trialist,established,0.6098218037147591,0.45470134233331005
439,trialist,established,0.927699331608524,0.5937817562311386
440,promo_hunter,new_society,0.6107773894937368,0.5817006280499559
441,trialist,established,0.6171047551714304,0.36088166525788207
442,power_user,established,0.817643327176776,0.9502560115400475
443,habitual_regular,new_society,0.7840831932834694,0.6403541260007799
444,trialist,established,0.7506634553356718,0.5093917141172846
445,promo_hunter,established,0.7412922697619686,0.7386582435435345
446,promo_hunter,established,0.9009474224845938,0.26018837762299324
447,power_user,new_society,0.616355849478959,0.7307116009635499
448,habitual_regular,established,0.7163710559542394,0.5201132410945026
449,trialist,established,0.9729052804049374,0.25539086509131
450,habitual_regular,new_society,0.8452998935532284,0.8485280711421909
451,habitual_regular,established,0.8506342308356347,0.6879900164353906
452,trialist,new_society,0.882470303633888,0.32008024584421335
453,habitual_regular,established,0.9378007679187544,0.7000681553312955
454,power_user,established,0.5635247912395849,0.8753769110061805
455,trialist,new_society,0.8092343971980921,0.41708437957682054
456,power_user,established,0.8825193002785006,0.8712803178983334
457,promo_hunter,new_society,0.8471115242064984,0.46879135770041624
458,habitual_regular,established,0.8235405569842429,0.31179741918475384
459,promo_hunter,new_society,0.943628673038827,0.6374340362111214
460,promo_hunter,established,0.9177815214348968,0.15961534667330976
461,habitual_regular,established,0.9127489074203469,0.7021683486527031
462,promo_hunter,established,0.550815838478446,0.12748822921915634
463,promo_hunter,new_society,0.9298886616452217,0.6744560477292426
464,promo_hunter,established,0.8168803380824132,0.23314292341562196
465,habitual_regular,established,0.8737492073635582,0.79127652994277
466,habitual_regular,new_society,0.9183106303601791,0.5117649864211946
467,promo_hunter,established,0.8694988950149636,0.3177118772977842
468,habitual_regular,established,0.9358549149991142,0.9532902888121211
469,promo_hunter,established,0.8048999970452483,0.3985654974514628
470,trialist,established,0.6984488166062688,0.632001964009595
471,promo_hunter,new_society,0.9343352827249709,0.4921492447969568
472,promo_hunter,new_society,0.9007705089488312,0.4149105057547135
473,trialist,new_society,0.8925996678040902,0.4009071100496994
474,promo_hunter,established,0.8611701496038178,0.2374964909395362
475,power_user,new_society,0.5414156607551679,0.5321547855668531
476,trialist,established,0.800898416822997,0.6384582033140742
477,trialist,new_society,0.43943898920595476,0.74497956826357
478,habitual_regular,established,0.8135326577536869,0.6780548978137607
479,trialist,established,0.859360926552915,0.4943704525058851
480,power_user,new_society,0.9614181650916388,0.7101785768410358
481,trialist,established,0.9596439176935025,0.4272767381574956
482,trialist,new_society,0.713782912450208,0.20576026899910735
483,habitual_regular,established,0.9078627166235621,0.5447449641504701
484,promo_hunter,established,0.9189443547561635,0.5452814509315933
485,habitual_regular,new_society,0.8890464320843366,0.5016255491772077
486,habitual_regular,established,0.8408318179971609,0.31111739574812936
487,promo_hunter,established,0.7202696038744771,0.7272980597305616
488,promo_hunter,established,0.6804001115443505,0.528126854458698
489,power_user,established,0.8303016141837651,0.8930657090245024
490,trialist,established,0.6862328427593688,0.5419201342353296
491,trialist,established,0.7806682336243768,0.47662131157187465
492,habitual_regular,new_society,0.7816801286184684,0.5745459541964381
493,habitual_regular,established,0.9042407138769049,0.5939830527999306
494,promo_hunter,established,0.5577922070526599,0.6827162851484893
495,habitual_regular,new_society,0.6725658133186342,0.7585835537084569
496,promo_hunter,established,0.780682039525274,0.5511842006803181
497,trialist,new_society,0.8479548686311383,0.4971082683083452
498,promo_hunter,established,0.925621008522822,0.3020986218418858
499,promo_hunter,established,0.5288968239163242,0.3425229019213265
500,habitual_regular,established,0.8294211075173493,0.593208924665435
501,promo_hunter,established,0.8547602250330275,0.29891250092886973
502,promo_hunter,new_society,0.8486976074945869,0.5642973648957409
503,habitual_regular,established,0.7279607816204715,0.5911336808756479
504,habitual_regular,new_society,0.7845955534570851,0.5968860005426359
505,promo_hunter,new_society,0.8819794594563428,0.36021432857818636
506,promo_hunter,new_society,0.9646828942496727,0.2851250437605159
507,trialist,new_society,0.7755959557218336,0.31405376992926204
508,trialist,established,0.6601794250065511,0.4075222119100086
509,trialist,established,0.7464528904539403,0.4151455346325014
510,habitual_regular,new_society,0.8623888388727141,0.48638111215621593
511,trialist,new_society,0.8951819424622386,0.6416828348359775
512,habitual_regular,new_society,0.901462304375188,0.2894457521799521
513,promo_hunter,established,0.9397366253750291,0.2539250552144416
514,promo_hunter,established,0.7577880080320951,0.6249390263122971
515,power_user,new_society,0.6128231118629796,0.7776128827385191
516,promo_hunter,established,0.662013851932499,0.3735427972541035
517,trialist,new_society,0.8775060541894542,0.33280623685349636
518,promo_hunter,established,0.7632394605770172,0.22816324045937966
519,trialist,established,0.8833834111068285,0.46109796254918783
520,trialist,new_society,0.5682432307901584,0.7693896780409156
521,trialist,established,0.7426417250915047,0.4275448729739686
522,promo_hunter,established,0.9451398037613032,0.2667068931701402
523,promo_hunter,established,0.9271031650417288,0.5099641244284919
524,promo_hunter,established,0.8640293612473179,0.62338243174112
525,trialist,new_society,0.8735472268490512,0.531774378768071
526,promo_hunter,established,0.6132610147537093,0.4926204434397416
527,promo_hunter,established,0.9573086346296766,0.34932052458528867
528,habitual_regular,established,0.4908401767056528,0.6380445127722886
529,trialist,established,0.890567287325943,0.4306174776010416
530,promo_hunter,new_society,0.8793205792872959,0.3904701744738506
531,promo_hunter,established,0.5501142115995026,0.3626284650419571
532,trialist,established,0.8875279447596628,0.2808077462184824
533,habitual_regular,established,0.8831064845175439,0.8867249687502828
534,habitual_regular,established,0.9239156646677429,0.924449599698543
535,promo_hunter,new_society,0.9190899005593614,0.3434457550481001
536,trialist,established,0.6391388956834603,0.39223622910220995
537,promo_hunter,established,0.9409807921510356,0.2990318468160553
538,promo_hunter,established,0.8390090869274375,0.13625636803642538
539,trialist,established,0.951006279347084,0.856681695625257
540,habitual_regular,new_society,0.8144526067684508,0.4068163462732888
541,trialist,established,0.9304023722250527,0.6836406324910002
542,trialist,new_society,0.9198315150649222,0.4330308247244085
543,trialist,established,0.6141606773786775,0.40735993568541307
544,habitual_regular,new_society,0.9474853694463921,0.3708954473507108
545,habitual_regular,established,0.5613897683909034,0.4886510038769688
546,promo_hunter,new_society,0.995743074460734,0.5579946667114122
547,trialist,new_society,0.9576782560641204,0.582586023728317
548,trialist,new_society,0.8932706857295638,0.5270145161623215
549,trialist,established,0.8307782165242765,0.7745005448455994
550,trialist,established,0.9144450122174127,0.3986662650269639
551,habitual_regular,established,0.9206376378271625,0.7478492988271448
552,habitual_regular,established,0.8613688622940496,0.7319218238140694
553,habitual_regular,established,0.8196057889797094,0.6902521633076782
554,power_user,new_society,0.9647252723717628,0.8887685985530257
555,promo_hunter,established,0.7777939823221998,0.6429347732672906
556,promo_hunter,new_society,0.8627402592925704,0.32396433535134433
557,habitual_regular,established,0.9094463722849719,0.7322614060884881
558,trialist,new_society,0.7141819348832203,0.3000424786553185
559,trialist,established,0.8838376983433175,0.5358116242921753
560,habitual_regular,new_society,0.8393790677049455,0.7271628167452141
561,habitual_regular,established,0.8561150268858103,0.7839231822213273
562,promo_hunter,established,0.7907961735996542,0.18469241956061544
563,promo_hunter,new_society,0.7179732533608947,0.524215618578103
564,trialist,new_society,0.9290178032599216,0.3370329779307338
565,habitual_regular,new_society,0.8946668343421273,0.8611322457000291
566,promo_hunter,new_society,0.848249894623783,0.6225697382726096
567,habitual_regular,new_society,0.9487025137778121,0.7346433405513793
568,power_user,established,0.7894299170011891,0.7235964941151397
569,habitual_regular,established,0.8146959672527729,0.5644903016394273
570,habitual_regular,new_society,0.8013644138990194,0.6205714500604051
571,power_user,established,0.8761937361554643,0.6698195065049655
572,promo_hunter,established,0.8721376491564028,0.6069663155898646
573,trialist,established,0.7687996825712292,0.7024874964176704
574,promo_hunter,new_society,0.963132381103268,0.17150318270128329
575,trialist,established,0.7046940897358681,0.33009598006185575
576,promo_hunter,established,0.8961022364573644,0.3577074354287613
577,promo_hunter,new_society,0.8671474373362901,0.1960849396127697
578,habitual_regular,new_society,0.8336445141923229,0.40262235770311944
579,trialist,established,0.8544936772050139,0.8015695031606017
580,habitual_regular,established,0.9386780155722022,0.6200324204235265
581,promo_hunter,established,0.744902409979298,0.3154524811704313
582,habitual_regular,established,0.7371102125145218,0.36779447803314136
583,promo_hunter,new_society,0.9730949423691682,0.19415812632795815
584,promo_hunter,new_society,0.7043336048165636,0.24694131528580823
585,trialist,new_society,0.9395308777309338,0.7086290289667554
586,habitual_regular,established,0.49359659019187313,0.4214167392320701
587,habitual_regular,new_society,0.8823221318744906,0.8886030444702219
588,trialist,established,0.9469422515063034,0.2732904662133754
589,promo_hunter,established,0.8522637719762053,0.4247442464285625
590,habitual_regular,new_society,0.6459221827802025,0.8702593395270249
591,habitual_regular,new_society,0.7902662810120679,0.7860819404650394
592,promo_hunter,established,0.8077267110483185,0.21615794400285876
593,trialist,new_society,0.7756452560500228,0.3965245901068909
594,promo_hunter,new_society,0.7170413702101569,0.6938235860684726
595,trialist,new_society,0.7135647661490349,0.4564783985218313
596,promo_hunter,established,0.9782733357978665,0.43485196242985263
597,trialist,new_society,0.9339272822525441,0.6240036728031167
598,habitual_regular,established,0.9427285080467475,0.5487402618059983
599,habitual_regular,established,0.8863773629151777,0.7238916867538727
600,promo_hunter,new_society,0.5981256966248978,0.2290060970063825
601,trialist,established,0.8699651155585849,0.5319692843828585
602,promo_hunter,new_society,0.8242772520234758,0.7408744490727652
603,habitual_regular,established,0.5979275346771676,0.46529586903427195
604,promo_hunter,established,0.5625309190308089,0.20876465847326459
605,trialist,new_society,0.9041671781111903,0.4536905208737755
606,promo_hunter,established,0.9003388687269515,0.13679119957742605
607,promo_hunter,new_society,0.8319712263534784,0.10788660274306619
608,power_user,new_society,0.5917250879617256,0.6692703171714606
609,trialist,established,0.8269888339294925,0.25143328123497005
610,habitual_regular,established,0.8535044270706905,0.7202888030648862
611,habitual_regular,new_society,0.9497321328992906,0.5364114366655719
612,trialist,new_society,0.9555350788097293,0.38958654356607264
613,habitual_regular,new_society,0.8840266870705727,0.7921985417320246
614,promo_hunter,established,0.8142232804225938,0.6663280063006065
615,habitual_regular,established,0.8445758224237557,0.619526489322043
616,promo_hunter,established,0.9331142124578822,0.46720520805691906
617,trialist,established,0.9345229981153317,0.16936268549075414
618,promo_hunter,established,0.6384355895672815,0.3658640685872631
619,habitual_regular,established,0.6948289445662925,0.2942889767013805
620,promo_hunter,new_society,0.7596757497446486,0.14394577731497651
621,habitual_regular,established,0.9318329681851758,0.23668839589554927
622,habitual_regular,new_society,0.7489877217033284,0.6492853184769263
623,promo_hunter,new_society,0.8482771484507506,0.6884912190915883
624,promo_hunter,established,0.8200977920846068,0.2665928207751529
625,habitual_regular,established,0.8495234208848845,0.6729078251083064
626,promo_hunter,established,0.8294611682295752,0.5137977919613178
627,power_user,new_society,0.8279954311561634,0.7106395691098676
628,habitual_regular,new_society,0.9214560191915053,0.7949006193136126
629,habitual_regular,established,0.7371951611099653,0.3338789283755292
630,habitual_regular,established,0.8057992233809875,0.9607229174192571
631,power_user,established,0.7197827394592354,0.6420734736038074
632,promo_hunter,established,0.8307097657619261,0.06124595874785444
633,habitual_regular,established,0.6557229799264069,0.5130582917269564
634,promo_hunter,established,0.786092892473569,0.2581381432168403
635,promo_hunter,established,0.8831203913664777,0.4291555548301726
636,promo_hunter,established,0.6149961432994318,0.4457296519960614
637,promo_hunter,established,0.7634508687967634,0.1834544387905003
638,trialist,established,0.6902516686150733,0.3933928563496643
639,habitual_regular,established,0.9407827833101461,0.7917240954930118
640,promo_hunter,established,0.7639355912608754,0.4901954763219
641,promo_hunter,established,0.8381635874591167,0.1554763078053413
642,habitual_regular,established,0.8435721163369013,0.9278631719033679
643,habitual_regular,new_society,0.7775215965778912,0.4714270286898384
644,trialist,new_society,0.8283169493315519,0.6072386616356845
645,promo_hunter,established,0.49915864672154686,0.23317499713507642
646,habitual_regular,new_society,0.7673782418009135,0.9050178098093885
647,power_user,new_society,0.8764635358252082,0.6945032256026527
648,power_user,new_society,0.7401481374614562,0.641903023500686
649,habitual_regular,new_society,0.9275306717221512,0.7254306585497184
650,habitual_regular,new_society,0.5518405088566517,0.437311084751436
651,promo_hunter,new_society,0.9128561715282587,0.39087105128029553
652,trialist,established,0.9019749606211244,0.496161507977448
653,trialist,established,0.9214301837683216,0.326568494299481
654,trialist,established,0.7666026078625024,0.4519405760614845
655,promo_hunter,new_society,0.8516361450496447,0.48571525989741976
656,habitual_regular,established,0.7797565506468537,0.7672683029742865
657,habitual_regular,established,0.8603268428255074,0.8040626433180198
658,power_user,established,0.872245488929524,0.8709552418681097
659,habitual_regular,established,0.5108796949304693,0.9026805252177753
660,power_user,established,0.8572737360703183,0.6549115392649408
661,promo_hunter,new_society,0.8015802886817961,0.39244895737993785
662,habitual_regular,new_society,0.5869509135674424,0.9238910436333421
663,promo_hunter,established,0.8513442312248917,0.4795286372067261
664,trialist,new_society,0.8578899612466242,0.41889467028472366
665,promo_hunter,established,0.7583983115753619,0.38795149038832033
666,promo_hunter,established,0.9272523555939933,0.2908293046657352
667,trialist,new_society,0.753521007681219,0.5453833219520671
668,promo_hunter,new_society,0.906056484381474,0.38068166820964394
669,trialist,new_society,0.7562504284028493,0.552177365193359
670,trialist,established,0.9083611008476583,0.5750523206344922
671,power_user,established,0.7559894444129824,0.7797372952686814
672,promo_hunter,established,0.670444415501972,0.1431881609631224
673,habitual_regular,new_society,0.7104544830472937,0.4165000695974952
674,trialist,new_society,0.7560706648316166,0.30660658947757863
675,promo_hunter,established,0.6959337111511479,0.41649120398903383
676,habitual_regular,established,0.8024203071816807,0.5518801869514803
677,promo_hunter,established,0.9551266001720703,0.5043841896943144
678,promo_hunter,established,0.8690360880143065,0.5182689418925583
679,promo_hunter,established,0.9095191469455288,0.431552365147332
680,trialist,established,0.833289454328364,0.5633096404884768
681,habitual_regular,new_society,0.6419583605725465,0.6491242408447744
682,habitual_regular,established,0.6625707659490476,0.4542278075714249
683,habitual_regular,established,0.9679042064192078,0.4773934030717584
684,power_user,new_society,0.7561241864749239,0.9396498736304907
685,promo_hunter,established,0.9689405780370767,0.22229647875423977
686,habitual_regular,new_society,0.6725566435695641,0.6154523250252653
687,power_user,established,0.6216759021454277,0.895255402106911
688,trialist,new_society,0.6743967996234687,0.3710266076499841
689,trialist,established,0.9454722871139729,0.3379145881479676
690,promo_hunter,new_society,0.3684362466256292,0.3196691640517851
691,habitual_regular,new_society,0.8001131498464676,0.531143696192842
692,habitual_regular,new_society,0.699221310722615,0.6268149180698311
693,trialist,established,0.8638988141216621,0.5745084373221804
694,habitual_regular,established,0.649854547361122,0.8227531197992514
695,trialist,new_society,0.9454105166695386,0.49149752508009087
696,promo_hunter,new_society,0.8411545134578772,0.18301740546980172
697,promo_hunter,established,0.8711811205896518,0.30741390364254206
698,trialist,established,0.43557760089832565,0.42685987691026617
699,promo_hunter,established,0.6507194459037076,0.5738423394634615
700,promo_hunter,new_society,0.66444759871669,0.2739420088150412
701,trialist,established,0.9725347428892486,0.45245698349450225
702,promo_hunter,established,0.9161325210521654,0.3104721001561491
703,promo_hunter,established,0.7117422946855653,0.3343676640759859
704,promo_hunter,established,0.7165452316013751,0.47048406570865703
705,promo_hunter,established,0.6853745653686716,0.2501565481155366
706,trialist,established,0.7870809916446432,0.40087539829462276
707,habitual_regular,new_society,0.8940969924617872,0.5189768521929942
708,trialist,established,0.8444505163580247,0.8379243233662405
709,trialist,established,0.8689745938033838,0.5088152140114345
710,promo_hunter,established,0.7705885750682532,0.2902476896486826
711,power_user,established,0.8350490129331342,0.7961132902306327
712,promo_hunter,established,0.882734363085401,0.2728939740233723
713,habitual_regular,established,0.851839744301596,0.5990652417846933
714,trialist,established,0.7979168068437986,0.42594676544632215
715,trialist,established,0.7413159458294197,0.5200119296982398
716,power_user,new_society,0.7923104979036214,0.9241593636680205
717,promo_hunter,established,0.8152892331806307,0.3941369460677404
718,promo_hunter,new_society,0.9001121933571117,0.3318468199763905
719,promo_hunter,new_society,0.9842366268259459,0.20447657857110113
720,power_user,established,0.8528196408185441,0.9504689968011028
721,trialist,new_society,0.5998245592857794,0.3543067170741147
722,habitual_regular,established,0.8489085783641753,0.597356380093851
723,promo_hunter,established,0.7632835223904756,0.46950607676101813
724,trialist,new_society,0.7335124925005075,0.36060224483268094
725,promo_hunter,new_society,0.5280547427487343,0.26288436526058273
726,habitual_regular,established,0.8950709602999507,0.8226176208404744
727,power_user,established,0.7866370426530235,0.8792114295298803
728,habitual_regular,new_society,0.8554004065609931,0.9332898407407754
729,power_user,new_society,0.9292604729030653,0.9208333716075711
730,power_user,established,0.8272980634538265,0.8548829163778795
731,promo_hunter,new_society,0.4460600319338325,0.25743523003769186
732,trialist,new_society,0.8996275716910187,0.21752171974938192
733,trialist,established,0.6880203383254003,0.597811543176268
734,habitual_regular,established,0.7881240529974608,0.8605736199431888
735,promo_hunter,established,0.7364860093831971,0.46956412993365904
736,habitual_regular,new_society,0.8274371962538756,0.4253461680995465
737,trialist,established,0.656565990950414,0.5976054893583738
738,habitual_regular,established,0.6601916050379901,0.877009032679003
739,habitual_regular,new_society,0.8759479750968294,0.5893482739784184
740,trialist,new_society,0.8720901010241224,0.5099878346939914
741,promo_hunter,established,0.5714244582624655,0.36683980206664296
742,habitual_regular,new_society,0.97153571291773,0.7370848672883771
743,promo_hunter,established,0.9443098419145544,0.5621267151558639
744,promo_hunter,established,0.9623160155123431,0.6688576415787145
745,habitual_regular,established,0.9173789827856873,0.7246769744830813
746,habitual_regular,established,0.7791426649942365,0.49497073247558
747,trialist,established,0.8793146042627097,0.5537428295403005
748,promo_hunter,new_society,0.9843081048013002,0.3341984928158105
749,habitual_regular,new_society,0.8869430584054895,0.7090696725921412
750,trialist,new_society,0.718662041767884,0.30196649064602926
751,promo_hunter,established,0.9099321314913005,0.2055815147265982
752,habitual_regular,new_society,0.912096987550404,0.6615314244449494
753,promo_hunter,established,0.6964927403145212,0.6378509398782691
754,trialist,new_society,0.7910322336121778,0.5755184678535672
755,habitual_regular,established,0.7383834789612628,0.5577104570665851
756,habitual_regular,established,0.8667220420413665,0.5273618201873632
757,habitual_regular,established,0.6454636203146632,0.5012577574627389
758,trialist,new_society,0.952483908196209,0.43795270248705126
759,power_user,established,0.9508984852055602,0.7377740769655771
760,habitual_regular,new_society,0.8475134085402384,0.7369008603503645
761,habitual_regular,new_society,0.9095008728994518,0.8984314042441173
762,habitual_regular,established,0.7731003571827394,0.40945035000160074
763,habitual_regular,established,0.9287824442487599,0.6291551669830158
764,promo_hunter,established,0.7414715995731376,0.2867454093475771
765,promo_hunter,established,0.8175776571780491,0.362486937375554
766,trialist,new_society,0.6585250898979765,0.5430641816314746
767,trialist,new_society,0.8740051149976663,0.7020113037940309
768,trialist,new_society,0.8366982711024942,0.5744858284374408
769,power_user,established,0.6113554086729329,0.9327002998511663
770,habitual_regular,established,0.8438473687537461,0.7792312435719431
771,habitual_regular,established,0.911724634846589,0.5811897620053864
772,promo_hunter,established,0.7026359291170662,0.2101427473384569
773,habitual_regular,established,0.6833198219710926,0.821009304115678
774,habitual_regular,established,0.9371269289860791,0.5706754744714653
775,promo_hunter,new_society,0.812052951332247,0.6969880249235708
776,trialist,established,0.97986507870783,0.566126207265537
777,habitual_regular,new_society,0.8147012491710359,0.7301090133432896
778,trialist,established,0.747196359491273,0.6391165951222754
779,habitual_regular,established,0.6974786613201354,0.8947189657460219
780,trialist,established,0.9639221555235759,0.6539409445444792
781,habitual_regular,established,0.8762010331991116,0.7368056698002445
782,promo_hunter,established,0.7898788229814316,0.3439766926184957
783,habitual_regular,new_society,0.7398731265242412,0.15661698796044307
784,promo_hunter,established,0.777452952112626,0.5761236590370097
785,power_user,established,0.6951284198603891,0.5834583801186067
786,trialist,established,0.9101115581682439,0.6781023098629336
787,habitual_regular,established,0.9753416624460207,0.466854296586907
788,habitual_regular,new_society,0.8476525428236442,0.3899008556792738
789,habitual_regular,established,0.8578082251738665,0.7124066977241277
790,promo_hunter,new_society,0.8860111603663137,0.1710178834219827
791,promo_hunter,established,0.5567704629983742,0.05545543224453307
792,trialist,established,0.8790895060749983,0.6433933411749655
793,trialist,new_society,0.7545681197851782,0.7275387654203906
794,trialist,established,0.781612703231208,0.6716641973275893
795,habitual_regular,established,0.888575343010824,0.5045265519302906
796,promo_hunter,established,0.9222006085413118,0.26086081276491974
797,habitual_regular,new_society,0.6832093569413569,0.6826320303137043
798,habitual_regular,established,0.9719883170662724,0.4083175523909736
799,promo_hunter,new_society,0.9225539615906178,0.10134984223117362
800,promo_hunter,new_society,0.7971873392692675,0.225839080816049
801,habitual_regular,established,0.7390346750906328,0.9232186839848925
802,habitual_regular,established,0.8712769463082572,0.865501548786309
803,promo_hunter,established,0.6955480898665594,0.37940311984461983
804,trialist,new_society,0.8626428038395889,0.44947782326105057
805,habitual_regular,new_society,0.8358824909696156,0.5519868364003454
806,trialist,established,0.7192841608736296,0.4597655460042214
807,trialist,established,0.6586867047662829,0.22192300580884453
808,habitual_regular,new_society,0.8405648786126863,0.6907477941891234
809,trialist,new_society,0.6022587799917005,0.28976715343949827
810,trialist,new_society,0.6260800122778443,0.4599937437086174
811,trialist,established,0.8910240979390983,0.5302716677439399
812,habitual_regular,established,0.7874740509148471,0.7196982148277556
813,habitual_regular,new_society,0.8569166049077136,0.5117813502575883
814,habitual_regular,established,0.6608362916290853,0.3997673104792548
815,habitual_regular,new_society,0.8806183482242891,0.1398062772652579
816,trialist,new_society,0.9094069384511532,0.4135906304564682
817,promo_hunter,established,0.8588637084093844,0.1350798394826733
818,habitual_regular,new_society,0.8523853112864433,0.4023507203277523
819,habitual_regular,established,0.4320722155012727,0.6107888452253197
820,trialist,established,0.9166362453679988,0.601958569526542
821,habitual_regular,established,0.7350707198464919,0.8033470648032943
822,habitual_regular,established,0.7669914981770546,0.7039522580614814
823,habitual_regular,new_society,0.6066496592574974,0.4743737524905917
824,habitual_regular,new_society,0.5541285944857901,0.4787029207445304
825,habitual_regular,new_society,0.6523501708757654,0.47451104547675743
826,promo_hunter,established,0.6727399527274076,0.4137754276956739
827,promo_hunter,established,0.899876983064325,0.3226451004463059
828,habitual_regular,established,0.7526899869533213,0.6683312074832918
829,habitual_regular,established,0.9172276387093834,0.44592853855300774
830,power_user,established,0.92389566513413,0.5979150896522666
831,habitual_regular,established,0.5559023377912865,0.5323357380271716
832,habitual_regular,established,0.962444108832022,0.7051559143536664
833,trialist,established,0.7914065480100081,0.32102031667168746
834,habitual_regular,new_society,0.7089117707921124,0.5116635620163774
835,trialist,established,0.7620556829294896,0.6761809776743316
836,power_user,established,0.5075454712458888,0.8628468351789129
837,trialist,established,0.721111699607733,0.7978708061448931
838,habitual_regular,established,0.9438713626583558,0.7712754070005083
839,habitual_regular,new_society,0.8749587573577018,0.7378815654304799
840,trialist,established,0.9467150691340636,0.5393388036038677
841,power_user,established,0.7033763707965413,0.6008679813866011
842,power_user,established,0.7514861416700399,0.789401564048135
843,promo_hunter,new_society,0.8923472292409506,0.5375587018333351
844,promo_hunter,established,0.7291260501314274,0.49296858444054303
845,trialist,new_society,0.8779799180041872,0.26957016751452695
846,trialist,new_society,0.792148082147046,0.6016895069258016
847,promo_hunter,new_society,0.870761857787504,0.19486649078615645
848,habitual_regular,established,0.7997455845653317,0.5089746243684976
849,habitual_regular,established,0.7206184358488755,0.7363965088478206
850,habitual_regular,established,0.5657168508581361,0.7572606070491057
851,promo_hunter,new_society,0.8177926016904817,0.4007896570230755
852,trialist,new_society,0.8677482004107863,0.5559223346486578
853,promo_hunter,new_society,0.5348150978777073,0.3109318153593656
854,promo_hunter,established,0.7234493992958628,0.2308915707843206
855,power_user,new_society,0.8528684487262959,0.5741363740809412
856,promo_hunter,new_society,0.8238946280939022,0.04485686558738391
857,power_user,established,0.597174740811317,0.8575339092592495
858,trialist,new_society,0.7490145630470176,0.7047839988847762
859,trialist,established,0.6281302005421578,0.5481467594736792
860,trialist,established,0.7222780333116624,0.5284996296080262
861,trialist,established,0.807273924984756,0.3549792702850794
862,power_user,new_society,0.8772599255862542,0.8552659710021915
863,trialist,established,0.9487879051941911,0.517472851919678
864,trialist,established,0.6581696543909897,0.38679798467950804
865,trialist,established,0.895710280511734,0.7742981139288001
866,trialist,established,0.7377114501584975,0.654320564091653
867,promo_hunter,established,0.838362868273256,0.36605801132334165
868,habitual_regular,established,0.9089402929657919,0.5559780191740078
869,trialist,new_society,0.7597788585753351,0.5674350621963791
870,promo_hunter,established,0.9078023138692198,0.2055675547936744
871,trialist,new_society,0.9647391301992204,0.4188672105563041
872,promo_hunter,new_society,0.6733463902130826,0.24672728075051187
873,promo_hunter,established,0.40357343682237407,0.4601864114401382
874,habitual_regular,new_society,0.8115982072034049,0.5977879950035543
875,trialist,new_society,0.6732527998738806,0.5553580550850593
876,power_user,established,0.8148087480794989,0.7563958966855326
877,habitual_regular,new_society,0.9493445842849629,0.6948191200543318
878,habitual_regular,established,0.6689049407825114,0.5195417265092628
879,habitual_regular,established,0.7454152349400506,0.539305996690338
880,habitual_regular,established,0.9480425221875788,0.6672504416521804
881,trialist,new_society,0.792519294676693,0.49816030502642245
882,promo_hunter,established,0.8147340108599459,0.5646021689989353
883,habitual_regular,established,0.8282097386832791,0.8607346236304233
884,trialist,established,0.9246839978976601,0.49789234587834363
885,habitual_regular,established,0.974888909325932,0.8106399350077047
886,promo_hunter,established,0.7690922626128407,0.2808726431678195
887,power_user,established,0.8981502631208584,0.9768786805297527
888,promo_hunter,new_society,0.7774847503571994,0.4761629595499494
889,power_user,established,0.8609563227692059,0.7080652668902022
890,promo_hunter,new_society,0.46325852875887846,0.38798136353888557
891,power_user,new_society,0.6763622486177333,0.8270395797061577
892,trialist,new_society,0.9395578948312939,0.6341986035727593
893,habitual_regular,established,0.8296829480488984,0.8271494221652927
894,trialist,new_society,0.5124217317070674,0.46699186972741236
895,promo_hunter,new_society,0.690921945868763,0.33309430780095794
896,habitual_regular,new_society,0.419317593206596,0.5729193261299417
897,habitual_regular,new_society,0.7930977625297321,0.7050493700975368
898,habitual_regular,established,0.8801838868736418,0.7748888342889789
899,promo_hunter,new_society,0.7241489086792116,0.32814532376792466
900,trialist,established,0.9134969899162062,0.5730366827545925
901,promo_hunter,new_society,0.9392128447214015,0.300463145903007
902,trialist,established,0.9730084300087413,0.5556151252608447
903,trialist,new_society,0.9415907512515514,0.5304825657617541
904,power_user,established,0.790208403313664,0.9633574752833419
905,trialist,established,0.815698992462506,0.5475822250035469
906,promo_hunter,new_society,0.6436811086254365,0.2670297677471608
907,habitual_regular,new_society,0.8269677267280344,0.6153597773289341
908,promo_hunter,new_society,0.7599869713267422,0.3146869053718295
909,trialist,established,0.8437472931117619,0.6589927463465857
910,promo_hunter,established,0.8915910804741626,0.21273382743662908
911,trialist,new_society,0.7008764953963188,0.6443788203525102
912,promo_hunter,established,0.8231515179235938,0.41185145205964446
913,promo_hunter,new_society,0.8642410400501704,0.21307585535086732
914,habitual_regular,new_society,0.6561412536617508,0.9155968675227282
915,trialist,new_society,0.7226331556739479,0.3432129993251327
916,habitual_regular,established,0.8814075926913746,0.6725170598551516
917,habitual_regular,established,0.8919361913277382,0.7265669816063373
918,habitual_regular,new_society,0.8726970114880123,0.5561610217476515
919,promo_hunter,new_society,0.7009208524007599,0.2929980882563748
920,trialist,established,0.6761647642264365,0.26657921184133937
921,promo_hunter,new_society,0.8471123100377549,0.38346243118705264
922,promo_hunter,new_society,0.8426003891642491,0.5704733037584586
923,habitual_regular,established,0.9259923869886412,0.5877925494410681
924,promo_hunter,established,0.8417902751115292,0.37053905136157467
925,trialist,new_society,0.7983277061660534,0.44865658959797183
926,habitual_regular,established,0.8968081584722624,0.6224642109732031
927,promo_hunter,new_society,0.6811797738298082,0.3101209969135725
928,habitual_regular,established,0.5901342911699616,0.7664767210329974
929,promo_hunter,established,0.8550125878824838,0.4235218824969983
930,habitual_regular,established,0.9172990991165026,0.45150263822560377
931,habitual_regular,established,0.8893629769648816,0.4264243134373938
932,promo_hunter,established,0.9018732607400315,0.3375322755178831
933,trialist,new_society,0.6009205892346836,0.42599181906676237
934,promo_hunter,established,0.9471899738769094,0.2749143147351762
935,habitual_regular,established,0.8479778426189741,0.6716521419401302
936,promo_hunter,established,0.7234633193938363,0.3260331072150058
937,trialist,established,0.8066356737950267,0.6706481554617484
938,habitual_regular,new_society,0.7508674112459962,0.4343269621987382
939,habitual_regular,new_society,0.9142770799517572,0.5780360039647995
940,trialist,new_society,0.8288153931274307,0.6050380144874397
941,habitual_regular,established,0.8851846457951009,0.5623437914561557
942,power_user,new_society,0.753576064412081,0.81755964918679
943,promo_hunter,established,0.5175614270562607,0.27827259576863755
944,habitual_regular,established,0.7079364662310542,0.6670495474331212
945,trialist,new_society,0.6426362922421394,0.5120698786696583
946,habitual_regular,established,0.8538152804911504,0.406319659867648
947,habitual_regular,established,0.8228183205196334,0.6326293146679092
948,trialist,new_society,0.6324750432552649,0.7673881107166055
949,trialist,new_society,0.7804970128569142,0.2918069558211677
950,promo_hunter,new_society,0.8014829017981133,0.5568389246988833
951,habitual_regular,established,0.6976217788700972,0.5090665263997353
952,habitual_regular,established,0.6158516760831184,0.4762269290979529
953,trialist,new_society,0.8393750974749927,0.2548226491892144
954,promo_hunter,new_society,0.8791842532925449,0.19174353453952234
955,trialist,established,0.9382921284350022,0.4899125243634914
956,promo_hunter,established,0.8677689360935352,0.33991614644091583
957,habitual_regular,new_society,0.47257977135382595,0.544637422001176
958,habitual_regular,established,0.7312534422940153,0.7803940384152032
959,habitual_regular,established,0.79756869729415,0.7829657503492644
960,habitual_regular,established,0.8384905449240462,0.5957312751552822
961,promo_hunter,new_society,0.7067170542788921,0.583610789618633
962,promo_hunter,new_society,0.504185006436405,0.6002136147286069
963,promo_hunter,new_society,0.7442540472286051,0.5373337870045785
964,promo_hunter,established,0.6270473208379791,0.27842548183799115
965,promo_hunter,established,0.7225845127397345,0.5794319433645123
966,promo_hunter,established,0.6949835086268281,0.4723335533683321
967,trialist,established,0.6503092289279431,0.41145215174135924
968,promo_hunter,established,0.8973611870027789,0.5122617600484268
969,habitual_regular,established,0.8798185486713832,0.7111605600884008
970,promo_hunter,new_society,0.8761712175291853,0.22056618236550155
971,habitual_regular,established,0.9488725835478073,0.6660334157113147
972,trialist,new_society,0.936643074947205,0.5668167847270189
973,promo_hunter,established,0.6992226376743595,0.4329405831934222
974,power_user,established,0.9287837849774248,0.8080221803444574
975,power_user,established,0.8652626885703091,0.7215649503135271
976,promo_hunter,established,0.8175565800921154,0.1223108147977056
977,trialist,established,0.8668364827576123,0.4352401268242056
978,promo_hunter,established,0.8198269402311769,0.1812064067801096
979,habitual_regular,established,0.573494115947883,0.7983947421848726
980,promo_hunter,new_society,0.9606153452762296,0.5308149437166866
981,habitual_regular,new_society,0.7285791230866918,0.5681574792858652
982,promo_hunter,new_society,0.6420844180120172,0.38332874302030917
983,promo_hunter,established,0.7996589487230383,0.40853446195115267
984,promo_hunter,established,0.7285497297931458,0.4643744270833454
985,habitual_regular,established,0.6497495271372535,0.7401208032246078
986,promo_hunter,new_society,0.9141433435541378,0.17301881397091354
987,habitual_regular,new_society,0.7201068006505948,0.4011534965140338
988,trialist,new_society,0.9292617965509398,0.6881107687408108
989,power_user,new_society,0.7714917076233319,0.7619764924104107
990,habitual_regular,new_society,0.7550545257217609,0.6744636401333539
991,trialist,established,0.8789666046499178,0.493629438864561
992,promo_hunter,established,0.9484450493778588,0.46404613830979613
993,habitual_regular,established,0.6591012104729264,0.5943163774067609
994,promo_hunter,new_society,0.9628146305954531,0.19314375120653313
995,promo_hunter,new_society,0.819347353425396,0.6007820890277514
996,trialist,established,0.9017882022460644,0.3461646232663571
997,habitual_regular,new_society,0.9006433100644984,0.8379054595868113
998,promo_hunter,established,0.9549136973398541,0.25945683203763553
999,power_user,established,0.8525639859617941,0.8198997550740488
1000,trialist,established,0.8515471831364749,0.4839283142901833
1001,promo_hunter,new_society,0.8645121785496122,0.20013991633270373
1002,promo_hunter,new_society,0.9335039263632916,0.6147325752756454
1003,promo_hunter,new_society,0.383161285830377,0.4453583121958412
1004,promo_hunter,established,0.6123466095766122,0.4736373281885227
1005,trialist,established,0.9205972426374981,0.5973058808706703
1006,promo_hunter,established,0.7949695805756795,0.46768796536001356
1007,habitual_regular,established,0.7317809194034137,0.5920307977989303
1008,trialist,established,0.7206230240173859,0.5040011273122936
1009,trialist,established,0.8122373580149831,0.4467767621939675
1010,promo_hunter,established,0.8086940168290419,0.1951970651344465
1011,trialist,new_society,0.9063164986142515,0.5611158589684953
1012,trialist,established,0.9096894452994905,0.23140548100501557
1013,habitual_regular,established,0.8568344904671554,0.5091460034796104
1014,promo_hunter,established,0.8816980830618947,0.1330856322216137
1015,trialist,established,0.928439950961929,0.21605081179006674
1016,habitual_regular,established,0.939186876639564,0.703022660852614
1017,trialist,new_society,0.8535102037837614,0.42037968217693067
1018,promo_hunter,established,0.8314081961074419,0.2550137181245786
1019,promo_hunter,new_society,0.7331471000544588,0.5259169231499208
1020,trialist,new_society,0.6614577003794497,0.37816956919568995
1021,habitual_regular,new_society,0.7758184997351092,0.6226388416582074
1022,habitual_regular,new_society,0.6292016699849948,0.3107174895729951
1023,promo_hunter,new_society,0.9723365546679281,0.5072671351985151
1024,trialist,new_society,0.793920215589355,0.6397748328402879
1025,trialist,new_society,0.8669556231825859,0.544728854680317
1026,trialist,established,0.8824280349123127,0.494760774624222
1027,habitual_regular,established,0.8086570924132725,0.9413715529862288
1028,promo_hunter,established,0.8653224074643869,0.43774323238510504
1029,promo_hunter,established,0.6916696336023492,0.3091249292831779
1030,promo_hunter,new_society,0.954781639257061,0.2648280584260231
1031,trialist,established,0.937779671570411,0.3112086537840148
1032,habitual_regular,new_society,0.7782890143524751,0.540406887377545
1033,promo_hunter,established,0.8933374634946348,0.1858699616956285
1034,promo_hunter,new_society,0.7122642768767917,0.28652986414456455
1035,promo_hunter,established,0.8920148965138275,0.5036846197970389
1036,trialist,new_society,0.8612613624017246,0.5613737142679597
1037,promo_hunter,established,0.7263706582405376,0.34945276235359685
1038,promo_hunter,new_society,0.8601045932027499,0.598509145786507
1039,habitual_regular,established,0.6157864160668866,0.35689152874135677
1040,trialist,new_society,0.7531824513817001,0.4072234659786503
1041,promo_hunter,established,0.5395920883575145,0.22716007059951185
1042,habitual_regular,new_society,0.7229231776832538,0.7921758317538933
1043,trialist,established,0.8844157518437057,0.4740456721034856
1044,power_user,established,0.924533497145669,0.8606731218069551
1045,habitual_regular,new_society,0.9273434018971749,0.3770232682206755
1046,promo_hunter,established,0.9210370581256876,0.7958297543778826
1047,habitual_regular,established,0.8773855547178363,0.7945043003630438
1048,habitual_regular,established,0.844068339117087,0.6376051915157681
1049,power_user,new_society,0.41963195352294286,0.5083548942562827
1050,promo_hunter,new_society,0.4282001313740609,0.2916318928750766
1051,trialist,established,0.7762341622789111,0.7450943980308283
1052,promo_hunter,established,0.8408891109772277,0.1452297383027937
1053,trialist,new_society,0.9448965504759632,0.46915692569937867
1054,trialist,established,0.7569053791804118,0.445804104408466
1055,habitual_regular,new_society,0.755002579288498,0.7426466937018058
1056,promo_hunter,established,0.8841841567591339,0.3550717991087027
1057,habitual_regular,new_society,0.884443472308919,0.3917671271976927
1058,habitual_regular,new_society,0.7649179996843792,0.8100885440995997
1059,promo_hunter,established,0.5942787184860268,0.6393226121080292
1060,promo_hunter,established,0.8793444895823885,0.2625137264601781
1061,promo_hunter,established,0.8501217235234476,0.30316091892128033
1062,trialist,established,0.9478282639150981,0.6692385274253249
1063,trialist,established,0.7953632587006362,0.5914610597999209
1064,habitual_regular,new_society,0.6278526838497167,0.5357563542197216
1065,promo_hunter,new_society,0.853394672059295,0.26446877448643175
1066,trialist,established,0.9250488448289464,0.2994448763348212
1067,promo_hunter,established,0.9307866574910423,0.2336342162718411
1068,habitual_regular,established,0.8807508501143304,0.4512719866765916
1069,habitual_regular,new_society,0.895142389735508,0.5651874200233816
1070,promo_hunter,established,0.8343365409257059,0.5027653398156677
1071,habitual_regular,established,0.9542765087689046,0.5500587955771724
1072,trialist,established,0.853036026367219,0.6655972002667342
1073,trialist,new_society,0.968565490305935,0.6351793994526674
1074,habitual_regular,established,0.8973636254426373,0.6491401564368274
1075,habitual_regular,established,0.8213053946550981,0.6333894409454014
1076,trialist,established,0.7211811739596928,0.7235785170024669
1077,trialist,new_society,0.7218319487662659,0.17178759715697714
1078,promo_hunter,established,0.6187759667615957,0.2899350466991061
1079,promo_hunter,established,0.9543405762138474,0.35525283391607687
1080,trialist,established,0.6650816344095921,0.7001077558880378
1081,promo_hunter,established,0.7424627161418507,0.42121639693911206
1082,habitual_regular,established,0.7740898809331387,0.5167985328944157
1083,habitual_regular,established,0.9265242253658061,0.8350365589952761
1084,promo_hunter,established,0.832895466580937,0.7299436872823741
1085,trialist,established,0.5345816912255242,0.25238454917406333
1086,trialist,established,0.7389599717442412,0.7359931777597654
1087,power_user,established,0.5822726678846162,0.7744908966464948
1088,habitual_regular,new_society,0.9599414900542371,0.7550127550362149
1089,trialist,established,0.826921652977498,0.5863145741912714
1090,habitual_regular,established,0.8487801938929393,0.7817326250115323
1091,promo_hunter,established,0.949861694952645,0.30811738891168167
1092,promo_hunter,established,0.8672569646749149,0.28215722655237674
1093,habitual_regular,established,0.8334289110656822,0.12626460665661687
1094,habitual_regular,established,0.8115022592447456,0.7921733398650892
1095,habitual_regular,established,0.7795504394904195,0.5055374904876442
1096,trialist,new_society,0.735095229300444,0.3831228153054826
1097,habitual_regular,new_society,0.7214368242721246,0.5277566042824217
1098,promo_hunter,established,0.7213644959436006,0.22066186698791038
1099,trialist,established,0.9617201279533377,0.5588523363318469
1100,promo_hunter,established,0.5334936782316259,0.6960705676671483
1101,habitual_regular,new_society,0.7883596119189437,0.5772146092348456
1102,promo_hunter,established,0.9668411421095197,0.4843602663825001
1103,habitual_regular,new_society,0.9214907824189407,0.40873810695328616
1104,trialist,established,0.9428824292768566,0.3784957609397815
1105,habitual_regular,new_society,0.7128451113491407,0.6706522118252619
1106,promo_hunter,established,0.7761062490962718,0.48262132359188153
1107,trialist,established,0.8263939151777097,0.5501013423748515
1108,habitual_regular,established,0.5489744511891773,0.8421638125698179
1109,trialist,new_society,0.6006001586900971,0.4791319905951389
1110,promo_hunter,established,0.8516479287134663,0.5474097241148853
1111,power_user,established,0.7248145863647852,0.9560954640623877
1112,power_user,established,0.776642857384653,0.8458549165786273
1113,habitual_regular,established,0.7125743631270985,0.7070287076875512
1114,habitual_regular,established,0.8524630674049619,0.5283990524371376
1115,habitual_regular,new_society,0.8948504424237764,0.7017508955584115
1116,trialist,established,0.6529060836682046,0.4699791912753812
1117,habitual_regular,established,0.7650706894590159,0.48665023139354546
1118,habitual_regular,established,0.750018761852468,0.5532185953318832
1119,habitual_regular,new_society,0.6978634114622733,0.5683497331640193
1120,habitual_regular,established,0.7381348632245448,0.4656557784234583
1121,trialist,new_society,0.796420138632039,0.7484775491374791
1122,promo_hunter,new_society,0.8771661151730089,0.07693485624777847
1123,habitual_regular,new_society,0.8285522935941065,0.5629067078546253
1124,power_user,established,0.9169279512300451,0.8228686325709403
1125,promo_hunter,new_society,0.965365694981913,0.21310294971679794
1126,trialist,established,0.8837909015209475,0.6276911565212708
1127,habitual_regular,established,0.8701319273680032,0.6818292951945337
1128,trialist,established,0.8274888527725255,0.37293232871892446
1129,trialist,established,0.9478607916452882,0.4422604665872685
1130,promo_hunter,established,0.7454681429867214,0.39107361764800913
1131,trialist,new_society,0.5175536604669828,0.4444926215058809
1132,trialist,new_society,0.6107475407873839,0.7066532091034136
1133,trialist,new_society,0.9674489249136035,0.5756436020039324
1134,power_user,established,0.9383109120807797,0.9726874531235746
1135,habitual_regular,established,0.7154484080620528,0.4396224411330428
1136,trialist,established,0.8827211185861814,0.8037242404125223
1137,power_user,established,0.7643960684032196,0.7914452485253815
1138,promo_hunter,established,0.727008380431256,0.2832293350934714
1139,promo_hunter,established,0.7197527124903724,0.28113037900315985
1140,promo_hunter,new_society,0.9494107885033009,0.17197335839258435
1141,promo_hunter,established,0.8664961746400187,0.39486669225501886
1142,trialist,established,0.5955501774224998,0.2615393884503179
1143,promo_hunter,new_society,0.9165458549584479,0.36752415706781677
1144,trialist,new_society,0.9501190297535905,0.4802362853204024
1145,power_user,established,0.9310155469319665,0.6393684675696414
1146,promo_hunter,new_society,0.9119278949000755,0.2460026887053693
1147,trialist,established,0.9581404252698313,0.4313326171110865
1148,trialist,new_society,0.8484062514338326,0.44601147114622525
1149,promo_hunter,established,0.6631619929678519,0.30236976129231075
1150,trialist,established,0.7960981210332595,0.5686944155776488
1151,promo_hunter,new_society,0.9066625389555614,0.16144938318041216
1152,habitual_regular,established,0.8495028083840384,0.48039745723271365
1153,habitual_regular,established,0.968580722268511,0.8464863544104495
1154,promo_hunter,new_society,0.8588178475751547,0.5825823438024962
1155,habitual_regular,new_society,0.8139024056107216,0.5609322011630833
1156,promo_hunter,established,0.6228340216629837,0.18751025990675652
1157,habitual_regular,new_society,0.9135058282443762,0.6862280249971677
1158,habitual_regular,new_society,0.8642062354541163,0.4629263384641061
1159,habitual_regular,established,0.6830317245197164,0.4731327482808291
1160,promo_hunter,established,0.8338858275588988,0.20234169645346198
1161,promo_hunter,new_society,0.6852700673821926,0.6503329325498491
1162,promo_hunter,established,0.6787257646538308,0.31690336344507636
1163,habitual_regular,established,0.6906966167209115,0.667278619060683
1164,trialist,established,0.7865394145229451,0.4912595587262565
1165,promo_hunter,established,0.9158801604314813,0.23852362299525762
1166,habitual_regular,new_society,0.9579953733006299,0.8324783161072383
1167,trialist,new_society,0.8911141456694939,0.5088254812443151
1168,trialist,established,0.7901522609898215,0.4723256878433017
1169,power_user,new_society,0.6849749638285381,0.7442136606913589
1170,promo_hunter,new_society,0.6903965168597763,0.5050882977376042
1171,promo_hunter,new_society,0.9919052892075662,0.3520088414622992
1172,habitual_regular,new_society,0.826791518565592,0.4472622734443352
1173,trialist,new_society,0.8813875217734594,0.4025154359795481
1174,promo_hunter,established,0.9455745916151361,0.190095884029034
1175,habitual_regular,new_society,0.8228340770679471,0.7735311444304206
1176,power_user,new_society,0.6907788198643898,0.7216600810050637
1177,trialist,new_society,0.8737478541463951,0.7163465551145293
1178,promo_hunter,established,0.815268974936296,0.7697062270850147
1179,habitual_regular,new_society,0.8968455064570705,0.528119028910848
1180,power_user,established,0.9213740258142968,0.8080171888258328
1181,habitual_regular,new_society,0.8382753489535407,0.5446724295575351
1182,power_user,new_society,0.8926999507617287,0.8781492489785283
1183,promo_hunter,new_society,0.683677530585024,0.43386947194985576
1184,trialist,new_society,0.8340065091376895,0.6267959877396522
1185,trialist,new_society,0.6557117853438784,0.2915945457984532
1186,trialist,new_society,0.5830975590750429,0.6033426935323355
1187,trialist,new_society,0.5344852288304437,0.3769810260703637
1188,promo_hunter,new_society,0.5316480101733668,0.5834952852587182
1189,habitual_regular,new_society,0.759826243204897,0.6259605003493743
1190,trialist,new_society,0.931142369738581,0.6426774478977498
1191,habitual_regular,established,0.6436259889719378,0.5596444694533038
1192,trialist,new_society,0.9029904946170554,0.53819093354578
1193,promo_hunter,new_society,0.6160394983446621,0.2319485438236309
1194,power_user,established,0.7862612758560681,0.5646486287572545
1195,habitual_regular,established,0.6019984284469163,0.6467143715615054
1196,trialist,established,0.9572886466983765,0.44537037150734954
1197,habitual_regular,established,0.7671378871274185,0.9554185233127204
1198,trialist,established,0.8622782500779808,0.40523524059345745
1199,promo_hunter,established,0.8844608422816167,0.5974363256776366
1200,habitual_regular,established,0.9377905990743461,0.6967052005093638
1201,promo_hunter,new_society,0.741075394582495,0.5168687078024158
1202,trialist,new_society,0.6498399834388053,0.7826933770226199
1203,habitual_regular,established,0.8539435583536223,0.5479975501802091
1204,trialist,established,0.7824857972511402,0.2992103539688277
1205,promo_hunter,established,0.8888561099929028,0.4060575667922302
1206,power_user,new_society,0.7061531655932999,0.699396904878959
1207,power_user,new_society,0.9588168321600296,0.5708224273020216
1208,trialist,established,0.9170009377392043,0.7222990868342968
1209,trialist,established,0.823839420051683,0.33243371697137014
1210,promo_hunter,new_society,0.6269633258746728,0.44037003804588054
1211,power_user,established,0.6288464341443109,0.7889446106524635
1212,promo_hunter,established,0.9136653964441657,0.26037501804822444
1213,habitual_regular,new_society,0.7709805304929275,0.7493145394873826
1214,promo_hunter,new_society,0.7628998410377498,0.21668121253121128
1215,power_user,established,0.6372519945777475,0.6831710447619291
1216,trialist,established,0.8857971096728657,0.38486910288433257
1217,habitual_regular,established,0.7550265202137615,0.7832414232550018
1218,promo_hunter,established,0.8061736436996414,0.38705612727116556
1219,promo_hunter,established,0.6944126720326198,0.6862549713238107
1220,trialist,established,0.6695484180606419,0.318884773899251
1221,habitual_regular,established,0.7891518311888296,0.6786873834926673
1222,habitual_regular,established,0.9169191360489837,0.4648543624937087
1223,habitual_regular,established,0.9177368755280272,0.6447450606112375
1224,promo_hunter,established,0.6544398911581302,0.3942239953593754
1225,promo_hunter,established,0.6622054526271561,0.35077220595184994
1226,promo_hunter,established,0.7480055783177328,0.5193156677492822
1227,promo_hunter,established,0.5315381799234503,0.39780680467987867
1228,habitual_regular,established,0.7933788288382306,0.6538814914783898
1229,habitual_regular,established,0.7669595485396803,0.5233649699479305
1230,promo_hunter,established,0.6110639121801089,0.6340497946430868
1231,promo_hunter,new_society,0.6408655146859371,0.3787225031439857
1232,habitual_regular,new_society,0.6243777257607681,0.21276547303443502
1233,trialist,established,0.6961021208003766,0.5801520193197502
1234,promo_hunter,new_society,0.922514883437432,0.4923996031979723
1235,habitual_regular,established,0.7459157892570288,0.4554959554534452
1236,promo_hunter,established,0.9022360188731068,0.6013424301045817
1237,power_user,established,0.8051930017510649,0.785403877396755
1238,trialist,new_society,0.8177772163162781,0.7143426687194169
1239,habitual_regular,new_society,0.579949197432613,0.5178978173392247
1240,promo_hunter,new_society,0.9422074187281427,0.19364893180128026
1241,habitual_regular,established,0.9161467422049479,0.3666517672782261
1242,promo_hunter,established,0.8062465639222327,0.2467760634648593
1243,promo_hunter,established,0.8929017081652493,0.3939976692955247
1244,promo_hunter,established,0.8454227421321463,0.1058123573331444
1245,trialist,established,0.8612928632133658,0.30303518997558987
1246,trialist,established,0.9486673741179613,0.32163827566794256
1247,promo_hunter,established,0.6063227012135604,0.47439437171328214
1248,habitual_regular,established,0.8700174991526128,0.4727068234079624
1249,trialist,new_society,0.8131409268157207,0.5621781208317458
1250,trialist,established,0.8450034313462439,0.44381489372679744
1251,trialist,new_society,0.8282531131189643,0.27713734406362645
1252,habitual_regular,established,0.7561200831662501,0.674167402158934
1253,promo_hunter,established,0.6320845179986836,0.1640689762555729
1254,habitual_regular,new_society,0.8039858458794591,0.7560607909876236
1255,habitual_regular,established,0.67768787000431,0.6178656721754455
1256,trialist,new_society,0.5359944595378475,0.5069512120315471
1257,power_user,established,0.9297790225222989,0.8702474573510203
1258,habitual_regular,established,0.9928025884181861,0.6587665606740354
1259,promo_hunter,new_society,0.9212082314745333,0.21255509789845262
1260,habitual_regular,established,0.8924019725290437,0.6006416182015565
1261,promo_hunter,new_society,0.644927990117188,0.5636501708362559
1262,habitual_regular,new_society,0.989530922494106,0.5053712953525354
1263,habitual_regular,new_society,0.9458233220231924,0.6455175075508253
1264,promo_hunter,established,0.7770709443467123,0.5883102407079067
1265,promo_hunter,new_society,0.8360521370108187,0.3314513199200825
1266,habitual_regular,established,0.7216018799855299,0.7659601093662337
1267,trialist,established,0.8707285677761608,0.5475066704828738
1268,promo_hunter,new_society,0.9193388534040249,0.13816516653086092
1269,trialist,new_society,0.7719867602804825,0.44545680241532637
1270,trialist,new_society,0.6967713601966867,0.6255641076619656
1271,habitual_regular,established,0.7784693457534481,0.5087868629057759
1272,habitual_regular,new_society,0.8000163497950321,0.7312099386330108
1273,habitual_regular,established,0.388906533239679,0.5324287058635466
1274,power_user,new_society,0.7020194429230262,0.7927792271857727
1275,promo_hunter,established,0.8090678910015728,0.423532351864505
1276,trialist,established,0.9090756208064535,0.7816093654016429
1277,promo_hunter,established,0.7886581076914744,0.568895847128621
1278,habitual_regular,established,0.797496177627317,0.695890385918588
1279,habitual_regular,new_society,0.9450704782024549,0.41281177399155533
1280,power_user,new_society,0.9647489584168847,0.84534053377097
1281,trialist,new_society,0.48536796508622165,0.36819904764496786
1282,trialist,established,0.8180805303425545,0.7877661669246534
1283,trialist,established,0.7359925202722912,0.3025148314441036
1284,trialist,established,0.8920274235715983,0.5684476444048074
1285,habitual_regular,established,0.6841623886327782,0.6806152109084502
1286,trialist,established,0.5791457618983429,0.27990100693205705
1287,habitual_regular,new_society,0.9282967068600733,0.428207811594009
1288,promo_hunter,new_society,0.9485713506322438,0.5599987985837358
1289,promo_hunter,new_society,0.6523268791335826,0.6110746701482105
1290,promo_hunter,new_society,0.7727782436086117,0.3196308056117037
1291,habitual_regular,new_society,0.6562949277349069,0.7596005271519778
1292,trialist,established,0.6801770088959979,0.38240956482833116
1293,habitual_regular,new_society,0.9320483470728823,0.57306398064005
1294,promo_hunter,new_society,0.8659008407422563,0.3426902792567262
1295,trialist,new_society,0.5528803861576762,0.5567365657529565
1296,promo_hunter,established,0.7196477432956555,0.23728720233660186
1297,power_user,new_society,0.3559149067914574,0.7882308044471842
1298,promo_hunter,new_society,0.9359214617992162,0.23357073049813137
1299,trialist,established,0.7284485391954667,0.5714635452953793
1300,power_user,new_society,0.9424715223706052,0.6564957003184453
1301,trialist,new_society,0.6018777489238671,0.4320506025655694
1302,habitual_regular,new_society,0.8643345393576513,0.8781495273427427
1303,trialist,established,0.8892902704237238,0.31238537575429826
1304,habitual_regular,new_society,0.7136348925980601,0.6117578216111794
1305,power_user,established,0.7740233510737633,0.8538154257409905
1306,power_user,new_society,0.9538384552704738,0.9626815024004479
1307,power_user,established,0.9532774588272372,0.8730608695516626
1308,promo_hunter,new_society,0.8688478245672158,0.7646595657442584
1309,habitual_regular,established,0.9113631878766303,0.42139875426763107
1310,promo_hunter,established,0.9582590850947215,0.2020648384801298
1311,habitual_regular,new_society,0.7362010341037959,0.5079854954043652
1312,trialist,established,0.7811568782634604,0.41671847209659296
1313,trialist,new_society,0.6356791395300786,0.545669092826202
1314,promo_hunter,established,0.7878198546207161,0.3329355071259998
1315,habitual_regular,new_society,0.8522010047774426,0.8361993323016567
1316,promo_hunter,new_society,0.8721669547172884,0.2560341647050805
1317,promo_hunter,new_society,0.9301966453483247,0.4107408387376345
1318,power_user,new_society,0.6439128939475293,0.8805698301090297
1319,trialist,established,0.8204566095286697,0.26925502317529537
1320,trialist,new_society,0.8262496930580998,0.34977336067444814
1321,habitual_regular,new_society,0.7628077519667931,0.6792135179031792
1322,habitual_regular,new_society,0.9386623876612921,0.5973041720110752
1323,promo_hunter,established,0.9199233277076623,0.31079499863864535
1324,trialist,established,0.6620878613795919,0.5505953266209758
1325,promo_hunter,established,0.8575709890620962,0.4999921207820931
1326,promo_hunter,established,0.9215856180822055,0.09062092712805905
1327,habitual_regular,established,0.7576285804098031,0.7121071897069983
1328,trialist,established,0.889484015009409,0.4566641677420001
1329,trialist,established,0.8801777130806437,0.5385133594482151
1330,trialist,new_society,0.732851370274501,0.4459751434597823
1331,habitual_regular,new_society,0.6922205600987633,0.5964534846265318
1332,promo_hunter,new_society,0.7797557935091843,0.3614057476695381
1333,habitual_regular,new_society,0.8438109264732898,0.4730132199260852
1334,promo_hunter,established,0.9817848147904855,0.6182918215987117
1335,promo_hunter,established,0.8222190387175015,0.3223922875540003
1336,promo_hunter,established,0.7769568900958876,0.6638637994348008
1337,habitual_regular,established,0.9451724473258559,0.739802447683784
1338,promo_hunter,established,0.917742028246573,0.33599432625084824
1339,habitual_regular,established,0.8145358402838258,0.8509492980200631
1340,trialist,established,0.780345378429009,0.3563968659653739
1341,trialist,new_society,0.6818964965268421,0.489203460393066
1342,habitual_regular,new_society,0.7129687950663437,0.3311422217742667
1343,habitual_regular,established,0.7450397914451743,0.6765055465821772
1344,habitual_regular,established,0.8060524546012223,0.651543604338468
1345,habitual_regular,established,0.984883989478538,0.5304398388856223
1346,habitual_regular,established,0.9715555444822934,0.5772992886241916
1347,trialist,established,0.822275706233688,0.524812248633503
1348,power_user,established,0.6235697807090791,0.7140818595241293
1349,trialist,established,0.6019840248287729,0.4599773652868223
1350,trialist,established,0.8667997816119758,0.4504094356515156
1351,promo_hunter,new_society,0.641694934354835,0.24247869599744581
1352,trialist,established,0.9306210958951232,0.6705921916428847
1353,habitual_regular,new_society,0.8420715030710378,0.6975996524406749
1354,trialist,new_society,0.8552340232192649,0.7089041427705255
1355,promo_hunter,established,0.8593002611167956,0.21838737922116933
1356,trialist,new_society,0.8626343670938847,0.7484210232121272
1357,trialist,established,0.8814133015250559,0.5947663241393772
1358,promo_hunter,new_society,0.790490333091418,0.2771481748178999
1359,habitual_regular,new_society,0.8569465300494765,0.8372583501883056
1360,promo_hunter,established,0.865291875548161,0.4472423041523973
1361,habitual_regular,new_society,0.6158362792585312,0.6023453239033826
1362,promo_hunter,new_society,0.8568863433929192,0.42313221683297425
1363,trialist,established,0.7831430295818629,0.14770588028580978
1364,trialist,new_society,0.942378549570879,0.06274495242149836
1365,trialist,established,0.8659580990602469,0.444764648066205
1366,habitual_regular,established,0.9754538386302342,0.5039879982279638
1367,habitual_regular,new_society,0.8800986085666276,0.9005753729748648
1368,habitual_regular,established,0.8972899109245144,0.6797696597327803
1369,power_user,established,0.9452568450271375,0.8316484610584434
1370,trialist,new_society,0.6982111735385264,0.6335423377057126
1371,promo_hunter,new_society,0.8649207637367041,0.3603268954083903
1372,promo_hunter,established,0.733865640325889,0.42474146934279267
1373,habitual_regular,established,0.7731331828307247,0.2721907776846029
1374,habitual_regular,established,0.9724591462335315,0.7133884298294125
1375,power_user,new_society,0.9660407383341403,0.7396052112662154
1376,habitual_regular,established,0.8767167273146607,0.6720222717944393
1377,trialist,new_society,0.9413264404591287,0.4030002627635157
1378,trialist,established,0.8911065831992298,0.7870849744151065
1379,habitual_regular,established,0.6493129859689905,0.6094424154777818
1380,habitual_regular,new_society,0.6622521953515244,0.7982644641323621
1381,trialist,established,0.7861142919709437,0.4710086091020603
1382,promo_hunter,established,0.8332823871808945,0.3246497670287704
1383,power_user,new_society,0.826741276483523,0.6901945703765506
1384,trialist,established,0.7583268621102542,0.5151834064602558
1385,habitual_regular,established,0.7834990448058661,0.7819037305980993
1386,promo_hunter,established,0.9018613343901565,0.505776338039725
1387,power_user,established,0.7573728630769055,0.9142202408103148
1388,promo_hunter,new_society,0.631597306110237,0.47240094410603894
1389,habitual_regular,new_society,0.9112571150371163,0.7348384535678831
1390,habitual_regular,new_society,0.8706353201849555,0.6708845352187293
1391,trialist,established,0.7013235960538919,0.28139595581122184
1392,promo_hunter,established,0.6079261626761873,0.6695063955442713
1393,trialist,established,0.8282648647878942,0.4509539246357626
1394,habitual_regular,established,0.8377368480130871,0.5242192615806806
1395,trialist,established,0.718544495642843,0.2623491835454587
1396,habitual_regular,new_society,0.6708048189408911,0.614330205679324
1397,promo_hunter,new_society,0.869895444703427,0.5303142372709829
1398,promo_hunter,established,0.7766426875912685,0.6336426345146542
1399,habitual_regular,established,0.5563812305704285,0.6878401517995966
1400,promo_hunter,established,0.7507964879765427,0.23460129905011431
1401,trialist,established,0.8484937637968206,0.4658817844372985
1402,habitual_regular,established,0.8286741490862259,0.6110491700518629
1403,promo_hunter,new_society,0.7784784356978526,0.3160065300524914
1404,promo_hunter,new_society,0.9202790940348067,0.4176024930671407
1405,trialist,new_society,0.688172252056967,0.5093086383993298
1406,habitual_regular,new_society,0.8045530666038401,0.4810517661686776
1407,habitual_regular,established,0.7083618610434018,0.5990848574926022
1408,habitual_regular,new_society,0.7266167544928577,0.6718345119573711
1409,trialist,established,0.6279934268078141,0.3598192106227924
1410,trialist,new_society,0.5969448169835434,0.5253773404288103
1411,habitual_regular,established,0.8223822114327161,0.5412123792532533
1412,habitual_regular,new_society,0.5474598931835324,0.8094822376426412
1413,power_user,established,0.7452679669537271,0.9410779876086264
1414,trialist,established,0.8553854429037335,0.6133987259207371
1415,trialist,new_society,0.8598761874466974,0.3475708756594519
1416,trialist,new_society,0.9460052974161915,0.4825955825948206
1417,habitual_regular,new_society,0.7437112410724662,0.6195812402182993
1418,habitual_regular,new_society,0.7062744129327205,0.5560205389220069
1419,habitual_regular,established,0.8597046316477178,0.45660779147193065
1420,promo_hunter,established,0.9519091868504813,0.44959304427698965
1421,power_user,new_society,0.8580043727697806,0.7144056350035572
1422,promo_hunter,established,0.7043093753127501,0.30635309497779206
1423,trialist,new_society,0.8516778566809861,0.6436767214452023
1424,promo_hunter,new_society,0.7979807266066165,0.2652895414417408
1425,trialist,established,0.7898974538805705,0.4110688154503158
1426,trialist,established,0.6655029168199459,0.737234670838638
1427,habitual_regular,established,0.7729421968574487,0.6833306563318613
1428,habitual_regular,new_society,0.950324533234554,0.5775851411329517
1429,promo_hunter,established,0.5727072455148488,0.4670286146409244
1430,trialist,new_society,0.8136738674126155,0.28038210452653
1431,habitual_regular,new_society,0.7551354678682877,0.8779413606909086
1432,habitual_regular,established,0.650152899729773,0.606002169798222
1433,trialist,new_society,0.6724972441839985,0.5107178036494848
1434,habitual_regular,new_society,0.47966392723716605,0.7621882078123544
1435,trialist,new_society,0.6887639079646134,0.281090666010799
1436,promo_hunter,established,0.8160178729619283,0.4442439168045489
1437,trialist,new_society,0.8376134007782624,0.451181457553967
1438,habitual_regular,new_society,0.7270020965399336,0.5924945754594445
1439,promo_hunter,established,0.8366976215867641,0.19661173821239447
1440,trialist,new_society,0.7077303327278865,0.5583533761662538
1441,habitual_regular,established,0.9063066047345162,0.4291264828619611
1442,promo_hunter,new_society,0.7394169575479722,0.29783937543974914
1443,promo_hunter,established,0.5173651027503131,0.5304296687353879
1444,trialist,established,0.855972628646476,0.6499473548977786
1445,habitual_regular,new_society,0.8231249311238081,0.3440688084281118
1446,trialist,established,0.8720292666157675,0.7160520641875877
1447,promo_hunter,established,0.5711406257597242,0.6701068460111976
1448,habitual_regular,new_society,0.8761681127102549,0.7584816232727868
1449,promo_hunter,established,0.819987848240094,0.28213873443530835
1450,promo_hunter,established,0.9649523594272166,0.7612718953288247
1451,promo_hunter,new_society,0.7876516687988995,0.37465625522678564
1452,trialist,new_society,0.8431901152715486,0.3460131065487051
1453,promo_hunter,established,0.7057129101259771,0.367415812715022
1454,promo_hunter,established,0.9211983687169325,0.7794079615401704
1455,habitual_regular,new_society,0.8344844400589478,0.5621589020617275
1456,promo_hunter,established,0.542049207775248,0.2641418499663279
1457,promo_hunter,established,0.8058581998628875,0.5663732140628757
1458,habitual_regular,established,0.9861556120435067,0.6061451174444827
1459,habitual_regular,new_society,0.8660952005621096,0.7072113463555051
1460,trialist,established,0.9662265498638561,0.2808893005557882
1461,promo_hunter,established,0.8428734389322311,0.3733624794434388
1462,habitual_regular,established,0.8319074513532737,0.5215734491585127
1463,trialist,new_society,0.9502891824979893,0.4064879440005869
1464,promo_hunter,established,0.8725617239496101,0.31565526984674847
1465,trialist,established,0.5747092815234032,0.20768576132075783
1466,trialist,established,0.819398524361921,0.6128843918680502
1467,promo_hunter,established,0.9289412642511105,0.4356534831910197
1468,trialist,new_society,0.7771006816965601,0.609799957031833
1469,promo_hunter,established,0.8513821884039485,0.5711663226868761
1470,trialist,new_society,0.8364816726418729,0.5573105527390965
1471,power_user,new_society,0.9858883201318347,0.9788197953916148
1472,trialist,new_society,0.894877916366949,0.34369127204121247
1473,trialist,established,0.7021403016458722,0.4532171440671538
1474,habitual_regular,established,0.7657910959314276,0.45264718671426724
1475,power_user,new_society,0.7851563758961936,0.7478880389459336
1476,promo_hunter,established,0.7992260603299993,0.42113966883102943
1477,promo_hunter,established,0.715272761411724,0.432331825887185
1478,trialist,established,0.8867769956570857,0.6733935246476771
1479,trialist,new_society,0.6561562581615451,0.4879921628680105
1480,promo_hunter,established,0.7428867474296694,0.7708730445071748
1481,trialist,new_society,0.9489062518849897,0.44431379979844804
1482,trialist,established,0.930812884359006,0.4067140068987386
1483,habitual_regular,established,0.692147493319309,0.6610740037937578
1484,promo_hunter,established,0.6532619478679744,0.3884100741535476
1485,trialist,established,0.7575636508537343,0.7658069603010492
1486,habitual_regular,established,0.8310718376228649,0.4559535002339005
1487,power_user,established,0.6966930172061099,0.7411476743627268
1488,trialist,established,0.7474349110337225,0.7377163425398815
1489,habitual_regular,new_society,0.8370047761749629,0.7843518421978204
1490,promo_hunter,new_society,0.8568683060829461,0.29715546866890546
1491,habitual_regular,established,0.8467626124212867,0.649158841617454
1492,habitual_regular,established,0.6931347768073768,0.5954725812967554
1493,trialist,new_society,0.811438143120411,0.5896413848623977
1494,promo_hunter,established,0.6550150197801388,0.5612424505421764
1495,promo_hunter,established,0.9586094565963531,0.21608432254308976
1496,trialist,established,0.793434786982592,0.592568719621504
1497,promo_hunter,established,0.8569309166124829,0.4194885084769277
1498,habitual_regular,established,0.8231027921888047,0.7752148387222466
1499,promo_hunter,new_society,0.9495456377970463,0.31726045683291476
1500,habitual_regular,new_society,0.8985868567641188,0.8412817766386337
1501,trialist,new_society,0.8440005901865206,0.5713079226441597
1502,promo_hunter,established,0.4801525933627474,0.43415880610173196
1503,trialist,established,0.5201271548430823,0.576503429343815
1504,trialist,established,0.8906863837118763,0.5466707803945368
1505,trialist,new_society,0.9116449190860929,0.32327508114127096
1506,habitual_regular,established,0.9066632210573122,0.8260649827855238
1507,promo_hunter,new_society,0.4922546492153972,0.3882543968997056
1508,power_user,established,0.7831114721251392,0.7568732786977729
1509,trialist,established,0.8878191171697927,0.7179683198309397
1510,habitual_regular,established,0.7043705493680428,0.8006295115946979
1511,promo_hunter,established,0.790631845081029,0.3044575273487303
1512,trialist,established,0.9597650093208523,0.4940692081457354
1513,promo_hunter,new_society,0.8914369190755642,0.1402061154404645
1514,habitual_regular,new_society,0.79864041602346,0.7988617043471835
1515,promo_hunter,new_society,0.888119163396861,0.7275299997600363
1516,trialist,established,0.8395281977368378,0.582994721950148
1517,promo_hunter,established,0.8243880290072464,0.19710989417191235
1518,power_user,established,0.7215891463047178,0.9202240489588324
1519,habitual_regular,established,0.8508850641340565,0.5003343180412351
1520,habitual_regular,established,0.8819945147571617,0.5346308886553414
1521,promo_hunter,established,0.9130179820832672,0.20560765283573745
1522,promo_hunter,new_society,0.7670134917903245,0.8577113786753313
1523,promo_hunter,new_society,0.9529499887692848,0.17088195180667742
1524,promo_hunter,established,0.9778383152320991,0.40120910179438063
1525,promo_hunter,established,0.7879612921381569,0.1573940468411021
1526,power_user,new_society,0.8447451907658365,0.9902702181970335
1527,habitual_regular,new_society,0.9774241891685302,0.6168167628766479
1528,trialist,new_society,0.7899397708031866,0.3858036419125493
1529,habitual_regular,established,0.8932876565246327,0.47797718866532407
1530,promo_hunter,new_society,0.8189083651341641,0.13715548536775196
1531,trialist,established,0.7731973930317263,0.3606422919358347
1532,habitual_regular,new_society,0.8914407227451864,0.908496789883163
1533,trialist,established,0.6808723845493727,0.6979846697686417
1534,trialist,new_society,0.7227013837891381,0.4063032044850729
1535,trialist,established,0.709145248949053,0.3630277259937477
1536,promo_hunter,new_society,0.941133662234342,0.287180742304631
1537,promo_hunter,new_society,0.6833586808448634,0.3385063715129514
1538,trialist,established,0.6204768586239999,0.44609150072984627
1539,promo_hunter,established,0.6614390057694703,0.21525871502264463
1540,habitual_regular,new_society,0.9358530503041571,0.43951641850067147
1541,habitual_regular,new_society,0.7663866782860831,0.7274999971059375
1542,habitual_regular,established,0.694489576570677,0.5639327958204602
1543,promo_hunter,new_society,0.96049794739557,0.04173340371127328
1544,promo_hunter,new_society,0.9513374553530927,0.1923502493083546
1545,trialist,established,0.9202044728501243,0.5841025033599238
1546,promo_hunter,established,0.6494775078241688,0.15513637576757855
1547,promo_hunter,established,0.8030643458646796,0.45399542860035524
1548,trialist,new_society,0.8320456613926498,0.3978657913343667
1549,promo_hunter,established,0.9074952167922761,0.34021937790249207
1550,habitual_regular,established,0.7039554512819928,0.7542935826346145
1551,trialist,established,0.6662008048592544,0.3833928909819556
1552,power_user,established,0.9205230956148185,0.8468600571842466
1553,promo_hunter,new_society,0.7919638876839568,0.3073439288219827
1554,promo_hunter,established,0.9025721316300156,0.3621000199150371
1555,trialist,established,0.792402065596663,0.2622509080222683
1556,promo_hunter,new_society,0.7567909747231893,0.6568780442169495
1557,promo_hunter,established,0.7219716457796915,0.19866442050915223
1558,promo_hunter,established,0.8288091185367106,0.8847405816207312
1559,promo_hunter,new_society,0.9565243866829143,0.21619102969979212
1560,promo_hunter,established,0.9089153018657132,0.3521696142682779
1561,habitual_regular,established,0.5806162398719474,0.658317667862464
1562,trialist,new_society,0.9533410376655018,0.4057321338429211
1563,trialist,established,0.7120070454713838,0.4208418995083155
1564,habitual_regular,new_society,0.9284106028293182,0.9025426311300173
1565,trialist,established,0.7880645894363482,0.21930311764778598
1566,promo_hunter,established,0.8763214959990062,0.4435862334317765
1567,promo_hunter,established,0.7468764708140834,0.40376713712832263
1568,promo_hunter,established,0.7710909507959102,0.3136021624448497
1569,habitual_regular,established,0.6031889701696661,0.5713508472908805
1570,trialist,established,0.8409546059522712,0.22751963107733036
1571,promo_hunter,established,0.9539767637240968,0.4294277524335701
1572,promo_hunter,new_society,0.7959932059655467,0.5253672461073886
1573,trialist,new_society,0.6611580987618502,0.21708004008811532
1574,promo_hunter,new_society,0.8955897683052241,0.5799120586651471
1575,promo_hunter,new_society,0.47316729813530317,0.367654682135548
1576,habitual_regular,established,0.7356198701821591,0.8276404757138266
1577,habitual_regular,established,0.7425907396330729,0.6364323673268517
1578,habitual_regular,established,0.5740699975932062,0.4717990861270684
1579,habitual_regular,new_society,0.8386138588263253,0.7815581995710571
1580,trialist,new_society,0.7612825843531549,0.5202813330250551
1581,habitual_regular,new_society,0.7714123931623653,0.7639358322413771
1582,promo_hunter,established,0.45266929892360475,0.29519201109041554
1583,promo_hunter,established,0.8444887359243032,0.4939338620527922
1584,power_user,new_society,0.761007605417015,0.6368512338748729
1585,trialist,new_society,0.7345308923332599,0.1957811750196805
1586,promo_hunter,established,0.7756323585044009,0.24128968361760428
1587,habitual_regular,established,0.8491727887565069,0.8773339795007384
1588,promo_hunter,new_society,0.6913997102792035,0.2644726553111049
1589,habitual_regular,established,0.8979910738940081,0.6352723937688908
1590,promo_hunter,new_society,0.9352488408919686,0.583016284306662
1591,trialist,new_society,0.6562317564544933,0.5544802198814603
1592,promo_hunter,established,0.9175478397695853,0.4242486639556955
1593,trialist,established,0.9015382536511688,0.4942842542083081
1594,promo_hunter,established,0.5209608173543484,0.2391830634316699
1595,habitual_regular,new_society,0.9653294268889896,0.4534443492861691
1596,promo_hunter,established,0.8940367531703817,0.23912162247168145
1597,promo_hunter,established,0.8113697850283412,0.07686073852257048
1598,habitual_regular,new_society,0.934015663684398,0.5850049238277719
1599,promo_hunter,established,0.9394959435447987,0.36504950798438035
1600,promo_hunter,established,0.9346889233374416,0.4248350099264172
1601,promo_hunter,established,0.6127905003232585,0.07920011868534006
1602,trialist,established,0.899214547109616,0.3505864614563652
1603,promo_hunter,established,0.7731506451917347,0.6552666610962933
1604,trialist,established,0.8445288291618943,0.4839284502736329
1605,trialist,new_society,0.8800159468843657,0.3147422061950519
1606,trialist,established,0.8008912569826486,0.5291466438647949
1607,promo_hunter,established,0.7079480502194708,0.2687028324930849
1608,habitual_regular,established,0.6058047285615794,0.6440514057064931
1609,habitual_regular,new_society,0.9351261343516346,0.5575259906827732
1610,habitual_regular,established,0.7805559603821296,0.6234401339185806
1611,trialist,established,0.8682212216615599,0.2558999146481265
1612,power_user,new_society,0.9331288945239637,0.8982364289468653
1613,trialist,new_society,0.8249203282409698,0.32442865269531546
1614,promo_hunter,new_society,0.9098383000814182,0.5709923777558907
1615,promo_hunter,established,0.9004242337980465,0.5883863362311755
1616,habitual_regular,new_society,0.662364930261053,0.7159058653129217
1617,habitual_regular,new_society,0.7908817002371791,0.4011546270281104
1618,habitual_regular,established,0.8018021367969486,0.839557062116321
1619,trialist,new_society,0.8735275431443503,0.4495579457416888
1620,trialist,new_society,0.7798118064356837,0.540258279459756
1621,habitual_regular,established,0.8523989064733634,0.4673793750716205
1622,habitual_regular,established,0.9272463146762067,0.437619970893519
1623,trialist,new_society,0.7137702800232709,0.43784655178671744
1624,habitual_regular,established,0.9022983105389955,0.45419822202557186
1625,trialist,new_society,0.8561176953105578,0.49869732275772066
1626,trialist,established,0.6908226264712649,0.6063242916772483
1627,trialist,established,0.6386134260957782,0.13931162063980973
1628,habitual_regular,established,0.8451759375714195,0.5351168302800927
1629,trialist,established,0.8934292889696138,0.3241302955342647
1630,trialist,new_society,0.8122328804036756,0.6918708769552441
1631,promo_hunter,established,0.8078568938880031,0.3249404191417281
1632,trialist,established,0.9197745660867048,0.7007558200537621
1633,habitual_regular,established,0.9404370894009406,0.7199485196268781
1634,power_user,established,0.8745353744985725,0.8875334243651308
1635,habitual_regular,new_society,0.8639632503596337,0.49393753824363984
1636,promo_hunter,established,0.955416950517648,0.5645640419795676
1637,trialist,new_society,0.9065141900484892,0.26125479162515725
1638,promo_hunter,established,0.7835956126142021,0.36791890379085646
1639,power_user,established,0.5217705263321332,0.7611296852831594
1640,power_user,established,0.8134471801164176,0.5479931544450085
1641,trialist,new_society,0.8309829980599264,0.5701698682590713
1642,trialist,established,0.6929301890676912,0.3559222530880388
1643,power_user,established,0.9678477340784682,0.5243399516025768
1644,habitual_regular,established,0.8676226594678884,0.49868020447412614
1645,promo_hunter,new_society,0.6020508534448968,0.5455486738599447
1646,habitual_regular,established,0.6347505479232552,0.5934103014575305
1647,trialist,new_society,0.9529162460214943,0.34097041192090294
1648,promo_hunter,established,0.7012028198574508,0.5113619362950459
1649,trialist,established,0.7266438454482858,0.7472505634657167
1650,promo_hunter,established,0.899740527801703,0.7403942238788606
1651,habitual_regular,established,0.8128317432367683,0.7655442492865628
1652,trialist,new_society,0.8951174501298913,0.7529189905162587
1653,habitual_regular,new_society,0.8942342261049222,0.6095324211717139
1654,promo_hunter,established,0.7247251589154188,0.24222324467238138
1655,trialist,established,0.8612288051908197,0.27246839104109744
1656,habitual_regular,established,0.7388151665148627,0.7109625867944983
1657,trialist,established,0.5509625481957321,0.3141897517509852
1658,promo_hunter,established,0.7795091193579894,0.21442988026150295
1659,trialist,established,0.8488295057116078,0.5788105153355553
1660,promo_hunter,established,0.9100791549392798,0.24967575014072604
1661,promo_hunter,established,0.8446807268472879,0.22490639053404954
1662,trialist,established,0.6305841925229919,0.3954164306189556
1663,promo_hunter,established,0.880397199637129,0.34164765358762866
1664,promo_hunter,new_society,0.8784760623962269,0.2836319981012394
1665,trialist,established,0.9418007831201767,0.5786794040240739
1666,trialist,new_society,0.5191857544891837,0.48655762537124886
1667,promo_hunter,established,0.815715448035173,0.788584138933611
1668,promo_hunter,new_society,0.87560656377936,0.37872607081177956
1669,habitual_regular,established,0.5958594113649867,0.5284405846104593
1670,habitual_regular,established,0.8246151338234292,0.7894179938847632
1671,trialist,established,0.589805862934181,0.6788051463785433
1672,promo_hunter,new_society,0.8370687361060887,0.16268778816472906
1673,promo_hunter,established,0.6310955643517538,0.22968611676683784
1674,promo_hunter,established,0.589772604159252,0.11491434475308569
1675,habitual_regular,new_society,0.7031125487609827,0.7245238251764361
1676,promo_hunter,established,0.8161751834320815,0.1414349725584038
1677,promo_hunter,new_society,0.8499657251532349,0.12601010816276084
1678,promo_hunter,established,0.8738213365929242,0.22186161071745444
1679,promo_hunter,new_society,0.8736636106261463,0.11516178863020099
1680,promo_hunter,new_society,0.8485926184560664,0.7051427198595865
1681,promo_hunter,established,0.741953561817955,0.30182107927881197
1682,promo_hunter,established,0.9381922658096553,0.7253900576899566
1683,trialist,established,0.8287214554766656,0.593449697729366
1684,trialist,established,0.8125326862943091,0.3217840938821233
1685,habitual_regular,new_society,0.5366383512804027,0.8064760663551985
1686,habitual_regular,new_society,0.72544615343854,0.5237971195677669
1687,promo_hunter,new_society,0.702884799237646,0.43408608321593767
1688,promo_hunter,new_society,0.6350030705227105,0.19389031036413978
1689,habitual_regular,established,0.6754777778283337,0.7805283367454956
1690,power_user,established,0.9628405312816251,0.6706719379725365
1691,trialist,new_society,0.6734523132841107,0.7505150152446945
1692,habitual_regular,established,0.794857511784644,0.9438793095027824
1693,trialist,established,0.7530549697517744,0.43498905009055105
1694,promo_hunter,established,0.8280985395891403,0.4821737981764291
1695,trialist,established,0.9427692413375102,0.10698661026726548
1696,trialist,new_society,0.46540956761976837,0.3640676171171224
1697,promo_hunter,established,0.9712882015043734,0.5667464275505975
1698,promo_hunter,established,0.904307832174427,0.45264214446797363
1699,habitual_regular,established,0.9148603032596544,0.7362511138107194
1700,habitual_regular,established,0.9619973150500584,0.3009990158871362
1701,trialist,established,0.9295744583210916,0.4289238501114053
1702,power_user,new_society,0.7319133468847527,0.8355979054563603
1703,trialist,established,0.818543410089658,0.3646855814729055
1704,promo_hunter,established,0.8227650620674568,0.24475697268070298
1705,power_user,new_society,0.8551014751635471,0.8084894524064231
1706,promo_hunter,established,0.7844556845537856,0.3065138673302687
1707,habitual_regular,established,0.88517224830774,0.4721729669209096
1708,habitual_regular,new_society,0.8591355633888142,0.6704907112599598
1709,habitual_regular,established,0.590338135327563,0.31607871630401374
1710,promo_hunter,new_society,0.8584730581562866,0.16701252485801835
1711,trialist,new_society,0.892332936760408,0.5700257073803258
1712,promo_hunter,new_society,0.8600967089879449,0.409071130328436
1713,habitual_regular,established,0.6312254503720778,0.7778290487167796
1714,trialist,new_society,0.8894988613666864,0.5515762119354238
1715,trialist,established,0.9636395478129657,0.49704970284327465
1716,habitual_regular,new_society,0.8579493828233292,0.7651794017343213
1717,promo_hunter,established,0.8017167621262926,0.2319342707689989
1718,habitual_regular,established,0.8271151564008934,0.6552635235675164
1719,habitual_regular,new_society,0.7800715782084277,0.49364299004743517
1720,habitual_regular,new_society,0.8722985947183782,0.5502689299610545
1721,habitual_regular,established,0.8897516458418326,0.41099018174405005
1722,trialist,new_society,0.9000983943701293,0.2930565729197265
1723,trialist,established,0.7875209348050592,0.23970224922552488
1724,promo_hunter,established,0.7191704456373271,0.05021749941183001
1725,habitual_regular,new_society,0.7828454445139,0.7349442102841847
1726,promo_hunter,new_society,0.8828684883909079,0.4471380829640614
1727,habitual_regular,established,0.6658538473808314,0.6975061831311927
1728,power_user,established,0.8211628995906538,0.7916458300276519
1729,promo_hunter,established,0.7196007129371172,0.33333746198452535
1730,promo_hunter,new_society,0.8781651103447918,0.2988819986101064
1731,habitual_regular,new_society,0.8235412957797985,0.5789286809577203
1732,power_user,established,0.9362824740469464,0.6945340778796694
1733,promo_hunter,new_society,0.7670480486369256,0.3610165651795222
1734,promo_hunter,established,0.884743720568546,0.4770946864606578
1735,power_user,new_society,0.5227791703553973,0.9112874095511441
1736,habitual_regular,established,0.6372965312871329,0.5217561079830281
1737,habitual_regular,new_society,0.8980307489465685,0.6157776808134823
1738,trialist,new_society,0.8906226679965025,0.33093256565945506
1739,habitual_regular,new_society,0.8821507759088749,0.8376451074597561
1740,promo_hunter,new_society,0.7854911206325972,0.16080469280952817
1741,power_user,established,0.7329137808346252,0.6619078283353451
1742,promo_hunter,established,0.784259156504488,0.39964827694897653
1743,power_user,established,0.869488015815626,0.7785416845802623
1744,habitual_regular,established,0.6642369769025295,0.6371857598630284
1745,trialist,established,0.9232102313534628,0.277413381004186
1746,habitual_regular,established,0.9274432082531829,0.6307903503190425
1747,promo_hunter,new_society,0.7906753611625379,0.3775209790574999
1748,promo_hunter,established,0.7353174754546784,0.5131123093657114
1749,habitual_regular,new_society,0.8292124267443963,0.4078098016210638
1750,trialist,new_society,0.6708499643642223,0.49132382154725246
1751,promo_hunter,new_society,0.7472238957337675,0.40001368330609854
1752,habitual_regular,new_society,0.8710134519554814,0.5864135479261947
1753,promo_hunter,established,0.855395139476536,0.6264762423443017
1754,habitual_regular,established,0.9252162816966425,0.44905877099717756
1755,trialist,established,0.8843150493098463,0.37721161898598604
1756,promo_hunter,new_society,0.8743461265155293,0.4295606387250013
1757,trialist,new_society,0.9698872794551624,0.246865810555957
1758,promo_hunter,established,0.9016031384592061,0.280693110202047
1759,trialist,new_society,0.5190618007325046,0.39491479860845863
1760,habitual_regular,new_society,0.913219523582398,0.8001522033980485
1761,habitual_regular,new_society,0.8799638859849579,0.6034146953997844
1762,habitual_regular,established,0.819895668255957,0.8010364170268284
1763,trialist,new_society,0.8430487196941835,0.39505622230860143
1764,power_user,new_society,0.7803881603509146,0.8458649818606597
1765,habitual_regular,new_society,0.8254730474751224,0.4154057960521575
1766,habitual_regular,established,0.8655706049880694,0.5375440366550537
1767,trialist,established,0.45532276181774545,0.38418932198510203
1768,habitual_regular,established,0.7026747046640732,0.9582829955889851
1769,promo_hunter,established,0.7705189697036156,0.3266367991358728
1770,power_user,new_society,0.8584592662678382,0.8735609971295524
1771,trialist,established,0.7690447348510926,0.6525086715436909
1772,promo_hunter,established,0.7420640315867008,0.3510862183427248
1773,habitual_regular,established,0.9597910489357433,0.5313712043464484
1774,habitual_regular,established,0.8044803811377359,0.7035126020617919
1775,promo_hunter,established,0.8742631804603518,0.3478523642969135
1776,habitual_regular,established,0.8020725158227265,0.6476752794578374
1777,promo_hunter,new_society,0.8514297529172514,0.6298789374879673
1778,trialist,established,0.7300124185397858,0.6477117487593539
1779,trialist,established,0.8665854201556441,0.3683970377174537
1780,promo_hunter,established,0.8153708686570381,0.681602308366531
1781,promo_hunter,established,0.8678240294119796,0.42814745707033547
1782,promo_hunter,new_society,0.8212108760858048,0.5422336858148793
1783,promo_hunter,established,0.9166345151351251,0.29866607397051603
1784,promo_hunter,established,0.7486561811657015,0.41003116542166496
1785,trialist,new_society,0.8136929720934153,0.35384712929916273
1786,promo_hunter,established,0.9543448767950775,0.4451865069636792
1787,habitual_regular,new_society,0.9515218849792857,0.7214461760147326
1788,promo_hunter,established,0.7380803483232309,0.539527138723129
1789,promo_hunter,established,0.7598073908677411,0.3910839969989782
1790,trialist,established,0.7448050059303833,0.45558269357045345
1791,promo_hunter,new_society,0.6226487835694674,0.24295397249502038
1792,habitual_regular,new_society,0.9018622283097665,0.5393193620384028
1793,trialist,established,0.5923018552248118,0.505416169007798
1794,promo_hunter,new_society,0.8631154209961054,0.13694201613331633
1795,promo_hunter,new_society,0.9639381533742609,0.3650953555079705
1796,promo_hunter,new_society,0.5737951763769784,0.5860566290495265
1797,promo_hunter,established,0.9239360613736007,0.47318944150476844
1798,promo_hunter,established,0.5284009800566651,0.3943148693232335
1799,habitual_regular,established,0.8455459653466219,0.679022361899252
1800,habitual_regular,established,0.707406275839781,0.5751731154379539
1801,promo_hunter,new_society,0.8002259356746432,0.4908335535726694
1802,habitual_regular,new_society,0.9603653389206357,0.9076577563447045
1803,habitual_regular,new_society,0.9005612929918111,0.3631199501879914
1804,habitual_regular,established,0.8631639877178262,0.6796732340962048
1805,habitual_regular,established,0.9064712741472797,0.22831406905925894
1806,trialist,established,0.7931439740830665,0.5429976262173899
1807,promo_hunter,new_society,0.9413998547678704,0.5321735364084268
1808,power_user,established,0.9808460234886821,0.8538190276155871
1809,promo_hunter,established,0.7819905530257297,0.2062546098537399
1810,habitual_regular,established,0.7696768577507648,0.8082977544179979
1811,habitual_regular,new_society,0.8448828289516411,0.6813236075559786
1812,promo_hunter,established,0.8516306341856679,0.579818535408796
1813,trialist,established,0.9163728567047064,0.4461380202869373
1814,promo_hunter,new_society,0.8561835138573022,0.25472259546488896
1815,trialist,new_society,0.8915806265905293,0.5882561563959727
1816,trialist,new_society,0.8058774775678301,0.3298272809381463
1817,habitual_regular,established,0.8555694091660851,0.7241353965128848
1818,habitual_regular,new_society,0.4943602690122017,0.4259733487042936
1819,promo_hunter,new_society,0.7233841941470194,0.19024206414676864
1820,promo_hunter,established,0.8852898093152436,0.5994801612489052
1821,trialist,new_society,0.7852774496169023,0.41416669859760535
1822,habitual_regular,established,0.46308298426528754,0.520647766716462
1823,promo_hunter,established,0.7043368528236916,0.45994962569798664
1824,habitual_regular,established,0.9099395774367667,0.3517889246353665
1825,trialist,established,0.9667785359550204,0.41724527448915083
1826,promo_hunter,new_society,0.3574870035110427,0.1657412100942785
1827,promo_hunter,established,0.8475710592828117,0.2239884199615246
1828,trialist,established,0.898753819706247,0.3241631843313136
1829,promo_hunter,established,0.9248810646112523,0.49622534587627376
1830,promo_hunter,established,0.5485886441328226,0.2582588715945139
1831,promo_hunter,established,0.815733532400763,0.2523268419882732
1832,trialist,established,0.9664033257954846,0.3992999770902206
1833,habitual_regular,established,0.6313305833245069,0.7736502780102082
1834,trialist,new_society,0.8605081844925996,0.5464974401440913
1835,trialist,established,0.922397360073177,0.3189751931647754
1836,trialist,new_society,0.6736799827446847,0.5905090621841438
1837,promo_hunter,established,0.8501381178835441,0.18518719761682506
1838,promo_hunter,new_society,0.7906990745816028,0.08164467018544248
1839,trialist,established,0.7990524996549329,0.4032963591470095
1840,habitual_regular,new_society,0.5726773179197919,0.7360149815824123
1841,promo_hunter,new_society,0.7557763782526565,0.39156595182047865
1842,habitual_regular,new_society,0.9108926235488792,0.5540559428763742
1843,promo_hunter,established,0.8323105247740854,0.3359373206507405
1844,trialist,new_society,0.7682904418438186,0.5736605078033818
1845,trialist,established,0.9277177309409705,0.733742394857181
1846,trialist,established,0.6398263999889248,0.6722205654472019
1847,promo_hunter,established,0.6111751649326762,0.5274004899701191
1848,trialist,established,0.5914923793176425,0.4823997256139663
1849,promo_hunter,established,0.839305800021132,0.6212213685770155
1850,power_user,established,0.7400575845726712,0.9054370635352292
1851,trialist,established,0.8769257568228633,0.2646841164473057
1852,promo_hunter,established,0.5957954458413436,0.3413422322270817
1853,habitual_regular,established,0.8296771150007503,0.2993577984815705
1854,habitual_regular,new_society,0.7922229638342594,0.79783210463211
1855,promo_hunter,new_society,0.852365852412552,0.347065185337421
1856,trialist,established,0.6610822834839584,0.4858724898671794
1857,promo_hunter,new_society,0.9515403665892028,0.23932906057389186
1858,habitual_regular,established,0.818618703479968,0.41229506554048573
1859,promo_hunter,new_society,0.8399742821730057,0.1344467314703449
1860,habitual_regular,established,0.7705745128514079,0.8185705332614641
1861,habitual_regular,established,0.99443039364889,0.6057899115136717
1862,trialist,new_society,0.9172467418452032,0.4720538535799738
1863,habitual_regular,established,0.7001039570091785,0.8467363118384666
1864,power_user,established,0.8864942210522424,0.5437279144446548
1865,habitual_regular,new_society,0.9240463227323074,0.3872248066249348
1866,promo_hunter,new_society,0.8812021244965853,0.452259489237876
1867,habitual_regular,established,0.6997406324989277,0.778433256201044
1868,trialist,established,0.7731318286253107,0.6819590850478137
1869,habitual_regular,new_society,0.906773928038647,0.38151709319729993
1870,habitual_regular,established,0.8017392131165714,0.8451665527631917
1871,habitual_regular,new_society,0.7057188462057334,0.7320301719708324
1872,promo_hunter,established,0.90767673115331,0.07620047581929959
1873,habitual_regular,new_society,0.8787036015035965,0.8034917784203631
1874,habitual_regular,established,0.8769236641020844,0.49716652530550137
1875,promo_hunter,new_society,0.6350759363315762,0.351952689970628
1876,power_user,new_society,0.8286104194070524,0.47940136486503093
1877,promo_hunter,new_society,0.6501045195750114,0.4914136899520324
1878,trialist,new_society,0.6030708554525567,0.8373061673162157
1879,habitual_regular,established,0.8749851538777222,0.38502919153887477
1880,trialist,established,0.8202743196973209,0.16253038443963
1881,trialist,established,0.855760426175748,0.4191253185683949
1882,trialist,new_society,0.8591681618446014,0.2564781393564739
1883,trialist,new_society,0.8398400349665803,0.6149859114462101
1884,habitual_regular,new_society,0.7984073362451992,0.6008822458941586
1885,trialist,new_society,0.8604508389790567,0.5125549344307112
1886,promo_hunter,new_society,0.7778343600752251,0.02299923634010015
1887,habitual_regular,new_society,0.8650038830370185,0.5396657858042395
1888,promo_hunter,established,0.7866598245982882,0.24719075846321564
1889,habitual_regular,established,0.5870541426737782,0.5430914249898274
1890,trialist,new_society,0.9165311331093833,0.8161509561679627
1891,promo_hunter,established,0.7275401783229344,0.6764583476130237
1892,trialist,established,0.6469763040864734,0.6601147553902059
1893,trialist,new_society,0.8816881613931178,0.6814694254759739
1894,promo_hunter,established,0.6706624450337769,0.45003154149524643
1895,habitual_regular,new_society,0.8134076544473199,0.3959616046048851
1896,habitual_regular,established,0.5950277662337959,0.6171187550690984
1897,habitual_regular,new_society,0.9315520342582887,0.7464934858773393
1898,habitual_regular,new_society,0.7476019870337374,0.34938148019380216
1899,trialist,new_society,0.8517150812621851,0.5370951916936624
1900,habitual_regular,new_society,0.7584951488453504,0.8120675285691442
1901,trialist,new_society,0.8543494168694489,0.683578785630114
1902,power_user,new_society,0.7199254398700871,0.8365399947687729
1903,trialist,new_society,0.8375367944117312,0.7140817276763125
1904,trialist,established,0.7127838533172317,0.6687521150049989
1905,promo_hunter,established,0.7157997768173179,0.28697109922622
1906,habitual_regular,established,0.8684162177094299,0.7488414802594309
1907,habitual_regular,new_society,0.9343705789367593,0.5456943260065139
1908,trialist,established,0.822613359944604,0.46743303239682515
1909,habitual_regular,new_society,0.885691105065522,0.5368110100631871
1910,habitual_regular,new_society,0.8596341416078265,0.43647571415785985
1911,habitual_regular,new_society,0.8008112558027871,0.4863321983383383
1912,habitual_regular,new_society,0.8003768514503754,0.4690258583946185
1913,trialist,established,0.7796808122869587,0.5039230196985189
1914,trialist,established,0.8282850515394133,0.7792082619240981
1915,habitual_regular,established,0.8942633869186091,0.5788857677168726
1916,habitual_regular,established,0.8235934547762586,0.7667914065552627
1917,promo_hunter,new_society,0.6044975065313651,0.6645628872362795
1918,promo_hunter,established,0.6923649206318896,0.3469943080371699
1919,habitual_regular,established,0.9039021308953041,0.6055922049653861
1920,habitual_regular,new_society,0.7585860692811275,0.6758750626063218
1921,habitual_regular,established,0.8823539320848607,0.8816408215799361
1922,trialist,new_society,0.7813175560849469,0.868292940701409
1923,promo_hunter,new_society,0.5948170940622459,0.20712432551539836
1924,promo_hunter,established,0.8523364464159673,0.5078554621062521
1925,habitual_regular,established,0.7632755149195701,0.2516257136448185
1926,power_user,established,0.9335034244756719,0.6082186783204926
1927,promo_hunter,new_society,0.948560543584811,0.32041015222272307
1928,habitual_regular,new_society,0.8513822778844304,0.735375862288149
1929,trialist,established,0.8506399083729481,0.4738720076906425
1930,trialist,established,0.9430736597977444,0.30775618130117693
1931,trialist,new_society,0.7473688863582907,0.5710380271401887
1932,promo_hunter,established,0.9002835279659565,0.4601485384063652
1933,promo_hunter,established,0.6869753322062085,0.13141899187821438
1934,promo_hunter,new_society,0.839676431745715,0.7095501852335473
1935,trialist,new_society,0.9784305792357998,0.4989017756490441
1936,habitual_regular,new_society,0.833110977889156,0.8413172327823348
1937,promo_hunter,established,0.6607842916881042,0.4196363756345319
1938,habitual_regular,new_society,0.8604414801524645,0.8103634375239892
1939,trialist,new_society,0.9455597493433173,0.5584451090380564
1940,promo_hunter,established,0.8302887690548271,0.174582533598946
1941,habitual_regular,established,0.6619412224527323,0.439555017598319
1942,promo_hunter,new_society,0.7522334055841868,0.49368574185867287
1943,habitual_regular,established,0.8675241280565666,0.5827069668564797
1944,promo_hunter,established,0.8877490667300388,0.713963037278627
1945,trialist,established,0.8188260323319226,0.45809074250738285
1946,habitual_regular,established,0.3616532985429157,0.6069968081837086
1947,habitual_regular,established,0.8902528472527439,0.5017407684041053
1948,promo_hunter,established,0.8194216170825708,0.6049457788385874
1949,habitual_regular,established,0.9123528386475342,0.7027269941634613
1950,habitual_regular,established,0.8902320825234074,0.626437118054939
1951,promo_hunter,established,0.8710693334459252,0.2737949532705544
1952,promo_hunter,established,0.8985318123693217,0.11548309191577993
1953,promo_hunter,established,0.7356513158122036,0.3273744034997125
1954,power_user,established,0.8383008747246015,0.8278803668873851
1955,trialist,established,0.9528226133692088,0.34559390825634645
1956,power_user,new_society,0.9290463745277957,0.8021440933425574
1957,trialist,new_society,0.8214069301013467,0.6826221193951486
1958,habitual_regular,established,0.9180814792476343,0.7572525036303687
1959,habitual_regular,established,0.9071131646757168,0.6119774810670567
1960,habitual_regular,established,0.7588495543506001,0.633672328761783
1961,promo_hunter,established,0.9026315495598114,0.576090006299182
1962,trialist,new_society,0.8139467940211622,0.5373723067647672
1963,promo_hunter,established,0.8069039864490558,0.20085821143684252
1964,trialist,established,0.7062255527193716,0.5876014932637232
1965,trialist,new_society,0.9041027744009285,0.5050086445619842
1966,trialist,established,0.8059344922620382,0.6477030005094937
1967,habitual_regular,established,0.9101490583466978,0.4148405205939212
1968,promo_hunter,established,0.857546398992669,0.5498428325821912
1969,trialist,established,0.6947386029966859,0.8045753937615046
1970,habitual_regular,new_society,0.6208098975644779,0.6750916203397941
1971,trialist,new_society,0.6154303362753513,0.4281791561120025
1972,trialist,established,0.747485846901809,0.512352379310761
1973,trialist,new_society,0.45096169763160865,0.5894087032550749
1974,trialist,established,0.8398387403660533,0.33081333564661225
1975,promo_hunter,new_society,0.8704949722572305,0.3039513736912392
1976,promo_hunter,new_society,0.8798783053767534,0.5199904386580115
1977,promo_hunter,established,0.8293163566738024,0.332016554715972
1978,trialist,established,0.846328940195597,0.3315875499874623
1979,habitual_regular,established,0.7822210527906176,0.23017825433277336
1980,promo_hunter,established,0.9045521366530257,0.6989167539882865
1981,promo_hunter,new_society,0.6490578334185505,0.44406331737263915
1982,promo_hunter,established,0.9764769789920649,0.49313290077960326
1983,habitual_regular,established,0.8705838375446713,0.37989768863900036
1984,habitual_regular,new_society,0.819591786946744,0.5397860490706111
1985,trialist,new_society,0.8774023438620763,0.23485863871543328
1986,trialist,new_society,0.7950163811346067,0.39364136379505593
1987,habitual_regular,new_society,0.6696149521972609,0.3878521600771188
1988,habitual_regular,established,0.9106109722062085,0.5044052725843121
1989,trialist,established,0.7252350428701865,0.7754899269894686
1990,power_user,established,0.783100505432835,0.6735071887814202
1991,promo_hunter,new_society,0.8698626679292545,0.7323608786103488
1992,power_user,established,0.7400931417973368,0.6946193952084533
1993,habitual_regular,established,0.8887767207245189,0.7958433389815379
1994,power_user,established,0.7563879794643616,0.7943486641095518
1995,habitual_regular,new_society,0.7866640715253268,0.8363023554738576
1996,trialist,established,0.8673019641066843,0.43851515841543803
1997,habitual_regular,established,0.9103201943059007,0.40998381255419014
1998,habitual_regular,new_society,0.7962489157513859,0.6094792582841554
1999,promo_hunter,new_society,0.7112997165609025,0.4802853672996054
2000,trialist,established,0.8473211562436859,0.44430316675611853
2001,habitual_regular,new_society,0.8142208306322138,0.49546673947757885
2002,habitual_regular,new_society,0.6884878055683791,0.6252734184199406
2003,promo_hunter,new_society,0.715810092445774,0.43360052468942734
2004,habitual_regular,established,0.9482752943042079,0.03851035609751202
2005,promo_hunter,new_society,0.7592335358062353,0.3038107193495948
2006,habitual_regular,new_society,0.8249388735856392,0.622143580771145
2007,habitual_regular,new_society,0.8528753253110873,0.8885057672573209
2008,trialist,new_society,0.9100275788398904,0.7070198793971876
2009,habitual_regular,established,0.7562647873887449,0.585069606010384
2010,habitual_regular,new_society,0.8078301420726649,0.7791831200828232
2011,promo_hunter,new_society,0.8235796531824803,0.5083322918224481
2012,habitual_regular,new_society,0.8719177386854757,0.5889617824043355
2013,promo_hunter,established,0.8144483328115765,0.11788063217110219
2014,habitual_regular,new_society,0.8318090114118717,0.6495034534641523
2015,habitual_regular,new_society,0.8420398626906094,0.569026772760236
2016,power_user,established,0.8099750106828623,0.7778562287568451
2017,promo_hunter,new_society,0.8959965577345278,0.49810173386483847
2018,trialist,established,0.7445993986327807,0.3834402097739684
2019,power_user,new_society,0.9319192466755545,0.9524598485429461
2020,habitual_regular,established,0.674874276594367,0.7374835273275292
2021,habitual_regular,established,0.7718177606461079,0.3923976432520096
2022,habitual_regular,new_society,0.8659920178814875,0.5080699644671826
2023,promo_hunter,new_society,0.7696040988022359,0.18352928129963658
2024,power_user,new_society,0.7738912953980639,0.9464055605483037
2025,habitual_regular,established,0.8312338843183933,0.7858226324129205
2026,promo_hunter,established,0.8072830280958867,0.4812077830175194
2027,habitual_regular,new_society,0.8476791396053351,0.6575604418863852
2028,promo_hunter,established,0.8459305229072522,0.46265053333954975
2029,promo_hunter,established,0.686129513839086,0.3070825876428781
2030,trialist,established,0.9392879688165008,0.321596065064338
2031,power_user,established,0.8861031638014207,0.9030786171775272
2032,habitual_regular,established,0.9150100888514526,0.851041617643549
2033,trialist,new_society,0.7446072839299122,0.651199413394762
2034,habitual_regular,established,0.6380476520747437,0.24316268894441834
2035,promo_hunter,established,0.9887925739558974,0.5219545160019586
2036,habitual_regular,new_society,0.79411486658338,0.6440342091160984
2037,trialist,established,0.813621679639603,0.3286740998186125
2038,habitual_regular,new_society,0.7285295906693523,0.84437940672358
2039,power_user,established,0.6169662217120169,0.8011204351174676
2040,promo_hunter,new_society,0.9035872116769902,0.3118936336324756
2041,trialist,new_society,0.8588047809271684,0.6828551081299468
2042,power_user,established,0.4346325741558813,0.5582717173582352
2043,trialist,established,0.7714969478554714,0.34869307836347846
2044,promo_hunter,new_society,0.8075387913118659,0.3636923264724719
2045,trialist,new_society,0.6021295889888572,0.6934966049043941
2046,habitual_regular,new_society,0.9102526281826362,0.9140371578379697
2047,habitual_regular,new_society,0.7342162064936655,0.7678690028220128
2048,trialist,established,0.7565578222370997,0.3395676235567725
2049,promo_hunter,established,0.7844003797290376,0.31474774593735644
2050,habitual_regular,established,0.8836628191673699,0.5539723854662214
2051,habitual_regular,established,0.9515856042513958,0.6540488572076941
2052,power_user,established,0.6927832147856613,0.9472356065001937
2053,habitual_regular,established,0.863013742798176,0.9163363508555475
2054,promo_hunter,established,0.7658742377753969,0.6595188937838178
2055,power_user,established,0.713602957879363,0.8940026614020795
2056,trialist,new_society,0.913930465742994,0.5721617356697879
2057,trialist,new_society,0.9677704345381537,0.5333590316766301
2058,promo_hunter,established,0.7132420937540758,0.41231721629967466
2059,power_user,new_society,0.8752402092016464,0.9069685927019332
2060,power_user,established,0.616682546118514,0.9276673391503532
2061,power_user,new_society,0.7980036684549927,0.9707802521072094
2062,promo_hunter,established,0.9480312357381161,0.19409781796491724
2063,habitual_regular,new_society,0.6521741164346829,0.43270105035354367
2064,promo_hunter,new_society,0.7627791475167448,0.3751453020627152
2065,trialist,established,0.5731347944545016,0.49977915170333376
2066,habitual_regular,new_society,0.9238845826501423,0.6315756153265437
2067,promo_hunter,new_society,0.6742930626663947,0.3559509488980784
2068,promo_hunter,new_society,0.6585430399560178,0.42472698654788466
2069,habitual_regular,established,0.8156954903591983,0.8115916249108888
2070,trialist,established,0.6351963535045142,0.5888410829538201
2071,power_user,new_society,0.7950528350721365,0.8883795869069738
2072,trialist,established,0.683200731174273,0.32690270255233506
2073,promo_hunter,established,0.8402821009337478,0.4838223667931488
2074,trialist,established,0.7267022541269998,0.6601116827685232
2075,promo_hunter,new_society,0.718594747676209,0.28175232750778867
2076,habitual_regular,established,0.7115698760639191,0.6430604569154802
2077,habitual_regular,established,0.8579223482541534,0.8908639874046321
2078,habitual_regular,new_society,0.8140507176973509,0.5439318340782866
2079,trialist,new_society,0.6088854960175828,0.46304932467494364
2080,trialist,established,0.6841841265800002,0.6362761712435447
2081,promo_hunter,established,0.9764950884428637,0.5176148928768696
2082,promo_hunter,new_society,0.9813989739652964,0.3261944479657965
2083,promo_hunter,new_society,0.7215350051723491,0.3979665170055543
2084,habitual_regular,new_society,0.6512631044310279,0.6990089994352976
2085,habitual_regular,new_society,0.77118208554957,0.37261533630459015
2086,power_user,established,0.7345095468133422,0.7946803860762603
2087,trialist,established,0.8220920071833809,0.41512386857030253
2088,habitual_regular,new_society,0.735191886116057,0.5554764298754425
2089,habitual_regular,established,0.8819519887957238,0.7300189141883073
2090,trialist,established,0.886878729383535,0.31819242154171473
2091,promo_hunter,established,0.875919041011145,0.7421319202712121
2092,promo_hunter,new_society,0.8098850850489134,0.6165954035819874
2093,promo_hunter,established,0.9726935062423233,0.2553529269386781
2094,trialist,new_society,0.8883070264104475,0.22166431282664717
2095,trialist,new_society,0.8758015124928323,0.36209959058080177
2096,promo_hunter,new_society,0.5590880549617249,0.5994195538727237
2097,promo_hunter,new_society,0.9716403138708135,0.3967493363214834
2098,habitual_regular,established,0.8460360030243641,0.7278110742969862
2099,trialist,new_society,0.43400690688346516,0.5452755727139703
2100,promo_hunter,established,0.41790722526043333,0.27992681807600334
2101,trialist,established,0.9679720053306293,0.49473241942030133
2102,power_user,new_society,0.7748455026283305,0.6434910708494788
2103,habitual_regular,established,0.8540947546767478,0.8629243150376927
2104,trialist,new_society,0.7182862714611158,0.5210517277578858
2105,promo_hunter,established,0.8000758585334318,0.690615631339644
2106,trialist,established,0.9281909841884661,0.40191268589580526
2107,habitual_regular,established,0.7086562921660522,0.4590187985443923
2108,trialist,new_society,0.8137559408509117,0.4899307751983316
2109,habitual_regular,established,0.8904024909892471,0.5452584610378521
2110,trialist,established,0.821593357551855,0.7651666815851166
2111,trialist,established,0.9786628649589805,0.5267388256960415
2112,power_user,established,0.5632899780349802,0.5362670605158936
2113,habitual_regular,established,0.6919063709162908,0.4878019762282987
2114,trialist,established,0.7157784098592066,0.27882389422659876
2115,trialist,new_society,0.8861419763829249,0.19677896769218184
2116,promo_hunter,new_society,0.871046895174412,0.07097541378463379
2117,promo_hunter,established,0.9490500279140728,0.477278235710505
2118,trialist,established,0.7246818192372236,0.8542020542108711
2119,trialist,new_society,0.8806678487665,0.49128932583671087
2120,promo_hunter,new_society,0.694129834334705,0.5915563910474579
2121,trialist,established,0.585987781089372,0.38698331705954775
2122,promo_hunter,new_society,0.962728926050775,0.3999897398129447
2123,trialist,new_society,0.7467609587173748,0.4539517314609306
2124,trialist,established,0.8126678054140866,0.4971532596850128
2125,habitual_regular,new_society,0.709158652209648,0.6716140466292395
2126,habitual_regular,established,0.9782881369715172,0.7407862835156289
2127,trialist,new_society,0.9557507585139833,0.6278471726435392
2128,trialist,established,0.8573523259387472,0.49352084071690416
2129,trialist,new_society,0.922864021030995,0.69448931748274
2130,promo_hunter,new_society,0.8114891114997757,0.5123884793177192
2131,promo_hunter,new_society,0.8751896746432464,0.17705634597623177
2132,promo_hunter,established,0.825572470871795,0.37396841783063994
2133,trialist,new_society,0.7223374846444984,0.3746205625166642
2134,promo_hunter,established,0.713881069319391,0.42828529898207013
2135,habitual_regular,new_society,0.5558664250522104,0.6942305142357582
2136,trialist,established,0.7894418214564095,0.4752894273762869
2137,promo_hunter,established,0.869270500161474,0.4494744725784378
2138,promo_hunter,established,0.8344126359705286,0.6683424360607509
2139,trialist,established,0.9466443538883571,0.44629775097661006
2140,promo_hunter,established,0.45682701331663594,0.5095027781364958
2141,trialist,established,0.8610051290133408,0.2374339700165101
2142,habitual_regular,established,0.8431067436158868,0.5531800696331522
2143,promo_hunter,established,0.8359739890676239,0.4286831577530788
2144,power_user,established,0.9418786791365512,0.8677001551861747
2145,promo_hunter,new_society,0.8440833986662729,0.3213437348924805
2146,habitual_regular,new_society,0.8626110234785854,0.8625805668995132
2147,trialist,new_society,0.5512739059601125,0.43493777750376056
2148,power_user,established,0.8557870288018258,0.6071591729681731
2149,promo_hunter,established,0.8464423778562404,0.1688440715954109
2150,habitual_regular,new_society,0.6704608005975033,0.6672156782349004
2151,power_user,new_society,0.8268042337602107,0.9006096213942881
2152,habitual_regular,new_society,0.911561629410564,0.7830381450859982
2153,habitual_regular,new_society,0.7793342224609806,0.5746780058593977
2154,promo_hunter,new_society,0.5986209080016157,0.3897841421171233
2155,habitual_regular,established,0.7962864562805129,0.36752903417251814
2156,trialist,established,0.7117087435120772,0.6762814017479628
2157,habitual_regular,established,0.7916357650883119,0.3150608094770874
2158,trialist,established,0.9466805571436044,0.690102028891421
2159,habitual_regular,established,0.7991328713815534,0.8609095816375332
2160,trialist,established,0.6912004599200441,0.5910386123990857
2161,promo_hunter,new_society,0.7278394811621947,0.11188069445776058
2162,trialist,established,0.5541467429192795,0.3057554724881335
2163,trialist,established,0.8881337911258448,0.2992232727122344
2164,promo_hunter,established,0.7093141268751201,0.3985358647984662
2165,trialist,new_society,0.8411469507736047,0.2936986296322973
2166,promo_hunter,new_society,0.855269209587624,0.398316068794324
2167,power_user,new_society,0.905937694655233,0.8048054262781627
2168,trialist,established,0.8749113651122356,0.5590294728686036
2169,trialist,established,0.7537059579331853,0.3893832244773132
2170,trialist,new_society,0.7824681656770738,0.588962754321284
2171,promo_hunter,established,0.7131070593316602,0.4203586083813802
2172,promo_hunter,new_society,0.8429544053231185,0.5704758851482434
2173,trialist,established,0.8646085293499833,0.6919169293415934
2174,habitual_regular,new_society,0.7092271539457428,0.5376156597445464
2175,trialist,new_society,0.7142930595382512,0.3968513295983563
2176,promo_hunter,established,0.8482698985157203,0.2427106038488263
2177,habitual_regular,established,0.8124391883768627,0.6191897712455274
2178,power_user,established,0.9739061600656331,0.5152113733945384
2179,promo_hunter,established,0.869301692585579,0.7017677439179743
2180,promo_hunter,new_society,0.8340371455168901,0.707934874279704
2181,promo_hunter,established,0.6301459810373882,0.3985049335734495
2182,trialist,established,0.8385704960666606,0.40073785128504824
2183,habitual_regular,established,0.885486992082957,0.6430830979347526
2184,habitual_regular,established,0.9119702705489323,0.646353373666732
2185,promo_hunter,established,0.9545158396380311,0.5412924818308011
2186,trialist,established,0.7397989620617184,0.6328408038063676
2187,promo_hunter,established,0.8340449122237218,0.6494964958224971
2188,promo_hunter,established,0.9093461798628623,0.2975677012396908
2189,trialist,established,0.7582253160017844,0.39331878935018405
2190,habitual_regular,established,0.5175861447096294,0.6879640090404938
2191,promo_hunter,new_society,0.8636616964581006,0.31245905506565363
2192,promo_hunter,established,0.9494313229447492,0.4105836654106869
2193,trialist,new_society,0.6751151851234914,0.43912750187045835
2194,power_user,new_society,0.960989001959023,0.767616674151806
2195,promo_hunter,established,0.6847159939386025,0.34904218110181073
2196,habitual_regular,new_society,0.9070647493994709,0.8203228840812716
2197,trialist,new_society,0.7534721912900343,0.4820456497545978
2198,trialist,new_society,0.9677336041200028,0.3487493676277332
2199,promo_hunter,established,0.9738995440864043,0.2738243350821729
2200,promo_hunter,established,0.832721381276891,0.3401802208055097
2201,trialist,established,0.8707718681083478,0.3733371282801317
2202,promo_hunter,established,0.9435323355845113,0.44286076862801665
2203,promo_hunter,established,0.6474467083088967,0.23488415546104457
2204,habitual_regular,new_society,0.8368449674629,0.8121203802638698
2205,promo_hunter,established,0.8841121469472204,0.5306829375109724
2206,promo_hunter,new_society,0.8795627435515612,0.165250189257188
2207,trialist,established,0.9807606865470082,0.5368711413939078
2208,habitual_regular,established,0.8686230023247632,0.806071057763929
2209,habitual_regular,new_society,0.9797834860858468,0.3594663296957074
2210,habitual_regular,established,0.5301247272762466,0.5438141546702335
2211,trialist,established,0.9428711180563651,0.6196989028067497
2212,power_user,new_society,0.8681030214010076,0.9475398217948191
2213,habitual_regular,new_society,0.8753114423815083,0.8757426413046536
2214,promo_hunter,established,0.7562113985478754,0.19899258564248196
2215,promo_hunter,established,0.6902051765624865,0.36643397677718176
2216,habitual_regular,established,0.828091928502763,0.7810509714341697
2217,trialist,established,0.6767918692245921,0.7755630564113846
2218,habitual_regular,new_society,0.7295216181118752,0.4770214794468148
2219,habitual_regular,new_society,0.7747298800049041,0.8374430047282581
2220,habitual_regular,new_society,0.7113915505358883,0.5137689097076064
2221,promo_hunter,established,0.6421256728855599,0.061397613017162345
2222,trialist,established,0.805370052448366,0.3899258261417437
2223,trialist,new_society,0.6551161572576977,0.6499747165269703
2224,trialist,established,0.9074179850505877,0.5773158826289951
2225,habitual_regular,new_society,0.9024430383056303,0.5193894320893726
2226,promo_hunter,new_society,0.9651933639200975,0.4712076416944049
2227,promo_hunter,established,0.9489763762677244,0.2857467323244458
2228,promo_hunter,new_society,0.965259521972296,0.1435074989184366
2229,trialist,new_society,0.8679396777118135,0.5200190546045956
2230,promo_hunter,new_society,0.8959676293458868,0.2878457640270439
2231,trialist,established,0.7240214991650643,0.8250134638164575
2232,power_user,established,0.8806900704211779,0.4866339557238578
2233,power_user,established,0.8096796604780839,0.8717658941103527
2234,trialist,established,0.9134824489214312,0.5950425342542432
2235,trialist,established,0.7185776776801895,0.45794279682234956
2236,trialist,established,0.7669945880678601,0.7517944062649653
2237,trialist,new_society,0.7574165537422558,0.5274637279396986
2238,promo_hunter,established,0.7826002757527969,0.15611039175319075
2239,power_user,established,0.7585031526402568,0.5726752527646511
2240,habitual_regular,established,0.6371792477712424,0.3941830537773257
2241,promo_hunter,new_society,0.7511492096087745,0.5674389673619634
2242,promo_hunter,new_society,0.5469983731472017,0.7204212428742269
2243,promo_hunter,new_society,0.7367695887570869,0.49231998788990305
2244,trialist,new_society,0.868821585253986,0.4464594840862853
2245,habitual_regular,new_society,0.9871297409564918,0.6909484691970856
2246,promo_hunter,new_society,0.6908393235733096,0.8008076096582981
2247,promo_hunter,established,0.6766003219301578,0.6504039074043977
2248,promo_hunter,new_society,0.9712214587620563,0.6619530794995289
2249,habitual_regular,new_society,0.91281484722806,0.6232799317617586
2250,trialist,new_society,0.8790909910827449,0.5875105344592667
2251,habitual_regular,established,0.8822800287302779,0.5395694979876005
2252,habitual_regular,established,0.8265133662573002,0.6372340396725017
2253,power_user,new_society,0.8811385021884606,0.8621039346855172
2254,promo_hunter,established,0.9753197515029094,0.5215701417980062
2255,promo_hunter,established,0.7990048544423588,0.12809521337829882
2256,habitual_regular,new_society,0.9020852680138604,0.7588886441498902
2257,habitual_regular,established,0.8656215302139462,0.5331087738880812
2258,promo_hunter,new_society,0.9089642102174164,0.4361155184814141
2259,promo_hunter,new_society,0.27540555778200737,0.504837210311494
2260,trialist,established,0.9012426473650373,0.8031877758351798
2261,habitual_regular,established,0.8745807789655464,0.7382531006424008
2262,habitual_regular,established,0.7991570043803156,0.6397355805848812
2263,trialist,established,0.9759665195925185,0.8024316283601753
2264,power_user,established,0.6067076423328209,0.8628950853080048
2265,promo_hunter,established,0.8487841969542067,0.46106644868541574
2266,trialist,new_society,0.6429040029275742,0.7137102918211601
2267,habitual_regular,established,0.7704126448035081,0.6942751995564922
2268,promo_hunter,established,0.8510873606009575,0.21146926157807044
2269,trialist,established,0.9160582235201179,0.4822567473445449
2270,promo_hunter,established,0.6330433694180694,0.32979613390372364
2271,habitual_regular,established,0.8343951063173407,0.4981383196365115
2272,power_user,new_society,0.9562497941446387,0.8373040423807429
2273,habitual_regular,new_society,0.8741657335369978,0.3610362020487559
2274,habitual_regular,new_society,0.8686431353789809,0.37160758503928953
2275,habitual_regular,established,0.8659819987515156,0.6525743133508543
2276,promo_hunter,established,0.682065543863461,0.5568921934082255
2277,power_user,established,0.7357298752406068,0.9126569413707346
2278,habitual_regular,new_society,0.9778830488113622,0.48339687032862155
2279,habitual_regular,established,0.7763741427633711,0.4832877577832157
2280,trialist,established,0.8448741476655769,0.375093950310599
2281,trialist,new_society,0.9285350422226264,0.6920565422099946
2282,promo_hunter,established,0.9559658600345666,0.6110278003555505
2283,promo_hunter,established,0.28271126004915365,0.7062759536905322
2284,habitual_regular,established,0.859553132390073,0.5725930008209144
2285,trialist,established,0.8455794593809184,0.35885084078222385
2286,trialist,established,0.8666046047796356,0.43341320120182597
2287,promo_hunter,established,0.8467857635373989,0.37641180959151643
2288,habitual_regular,new_society,0.7936516197850876,0.6237699800750416
2289,trialist,established,0.8186556847022137,0.1931120007336215
2290,promo_hunter,new_society,0.8122773993403651,0.6017461783628145
2291,trialist,new_society,0.6361188664310495,0.4692164843260229
2292,habitual_regular,established,0.9143539713651109,0.5172302044803282
2293,promo_hunter,new_society,0.7873791461696429,0.2032197652868193
2294,habitual_regular,established,0.890297296745049,0.46449590657263395
2295,trialist,new_society,0.8073246745504756,0.6058600394908661
2296,promo_hunter,established,0.7656690069966383,0.19420805429215363
2297,habitual_regular,established,0.8301237522071762,0.814727839894499
2298,trialist,established,0.4992042316266067,0.4644321480707004
2299,habitual_regular,established,0.9310621761847153,0.5927120455640924
2300,promo_hunter,established,0.7359613461952057,0.060949898750244313
2301,habitual_regular,established,0.7422929558258343,0.6383573344747259
2302,habitual_regular,established,0.9444785090590528,0.5330346922955095
2303,promo_hunter,new_society,0.8478066825391024,0.6248486173657017
2304,habitual_regular,established,0.8063592953196936,0.8303088802103958
2305,trialist,established,0.9531927349710867,0.5029625727207565
2306,habitual_regular,new_society,0.7936240111483936,0.7120466602096426
2307,promo_hunter,established,0.7004625531398241,0.1715617711780941
2308,promo_hunter,established,0.8663900301294991,0.5588825693799854
2309,trialist,new_society,0.7853104198625964,0.4994513382042328
2310,habitual_regular,established,0.9582739342676261,0.7586031361723371
2311,promo_hunter,new_society,0.5942762326244915,0.25545281868328396
2312,promo_hunter,new_society,0.8416614045181251,0.11109252677852766
2313,trialist,established,0.8356135492134444,0.4581612468721917
2314,trialist,new_society,0.7516271963107843,0.2823375688217134
2315,trialist,established,0.7751160691381336,0.48625054948298413
2316,promo_hunter,established,0.8570322366453651,0.38319779374455004
2317,power_user,established,0.7831975525697112,0.9295652518087125
2318,habitual_regular,new_society,0.585225556751647,0.5605965234696234
2319,trialist,established,0.8635240230676126,0.3517387760929038
2320,power_user,established,0.8479853389300714,0.6953017741172539
2321,habitual_regular,established,0.7876471921214214,0.7556660164370046
2322,trialist,established,0.5350499716838596,0.21453294174779014
2323,promo_hunter,established,0.925964313163122,0.33221823345397694
2324,promo_hunter,new_society,0.8969648463720642,0.5751381204887991
2325,promo_hunter,established,0.6955222167397286,0.38653341573196165
2326,habitual_regular,established,0.9152877663140162,0.4433783612485298
2327,promo_hunter,established,0.8487339310026345,0.12291715510456239
2328,promo_hunter,established,0.7092111440630262,0.306863441888605
2329,habitual_regular,established,0.8833331795334375,0.6674373419026488
2330,habitual_regular,established,0.7665694085071213,0.6425740667444895
2331,trialist,established,0.6795173724975091,0.27721670857033814
2332,trialist,established,0.8712018691014733,0.45265646902006645
2333,promo_hunter,established,0.7911808611111022,0.45412802608510716
2334,promo_hunter,established,0.8984234176615359,0.2808535537708788
2335,habitual_regular,established,0.6988124335093483,0.8615736049113085
2336,promo_hunter,new_society,0.7885737676587344,0.6115513089941651
2337,habitual_regular,new_society,0.48941682012057963,0.8241088800968921
2338,habitual_regular,new_society,0.7994015696481943,0.6534872587441025
2339,promo_hunter,established,0.8824504004154583,0.3239790521615818
2340,habitual_regular,established,0.7745644458248864,0.5182303076154574
2341,habitual_regular,established,0.8437061212479073,0.7279632235424935
2342,promo_hunter,new_society,0.6758617585651747,0.3746372907976779
2343,power_user,new_society,0.8451810491090241,0.6581542796523486
2344,trialist,new_society,0.634063304201139,0.20070765117344913
2345,promo_hunter,established,0.8165019253204262,0.2780197425464814
2346,promo_hunter,established,0.7648257825621014,0.17797313899623962
2347,power_user,established,0.4506181069627244,0.9804137344744415
2348,habitual_regular,new_society,0.9582481516195478,0.8497304284856019
2349,promo_hunter,new_society,0.8864711520729585,0.123716569978574
2350,trialist,new_society,0.9261889224258126,0.5161158889026851
2351,promo_hunter,established,0.7473470526140235,0.4080607880695998
2352,promo_hunter,established,0.8380622086130951,0.17249465136907405
2353,trialist,established,0.6066489943442611,0.33313120187544515
2354,promo_hunter,new_society,0.8848020421610594,0.18056980219472762
2355,promo_hunter,new_society,0.8156561353590436,0.5150664762005668
2356,promo_hunter,established,0.4806745755451499,0.39729544395603955
2357,promo_hunter,established,0.8936626496134813,0.2254441150157918
2358,promo_hunter,established,0.8326175792364345,0.27713068298345256
2359,trialist,established,0.6224458774765129,0.5724414283523044
2360,trialist,new_society,0.7950816815601127,0.5270588510204685
2361,habitual_regular,new_society,0.8378307646186968,0.5845552149420284
2362,trialist,new_society,0.9242540205121471,0.42241586903444056
2363,promo_hunter,new_society,0.8823557782034667,0.18264450614054226
2364,habitual_regular,established,0.9486588818628168,0.5976257186857294
2365,promo_hunter,new_society,0.8332428825920469,0.2041231683094808
2366,habitual_regular,established,0.8115973103301771,0.6583833627772314
2367,trialist,established,0.8759838290911521,0.5229115864741926
2368,trialist,established,0.9057961603388148,0.6425971743922266
2369,power_user,established,0.6966111651188771,0.779511538911156
2370,promo_hunter,new_society,0.7942466357033233,0.2435417082792376
2371,habitual_regular,established,0.6186347306248118,0.6443414025858963
2372,habitual_regular,new_society,0.8246028925207561,0.6758914958616362
2373,habitual_regular,new_society,0.9115008292139349,0.4216623932473164
2374,habitual_regular,established,0.5809345156067095,0.8609412598084101
2375,promo_hunter,new_society,0.787177403597128,0.754335795784596
2376,trialist,new_society,0.6871058360928363,0.7213877572019869
2377,trialist,established,0.7804179387720502,0.7260865391179501
2378,promo_hunter,established,0.7636095706499617,0.333540623468897
2379,trialist,established,0.6865864455590757,0.5041346325971702
2380,promo_hunter,established,0.9619935807555824,0.09078225954581086
2381,habitual_regular,established,0.8122815555630593,0.8580308850982381
2382,promo_hunter,established,0.6967054327648127,0.0895804799804663
2383,promo_hunter,new_society,0.4504349526954062,0.25380900146978397
2384,promo_hunter,established,0.6517361827879323,0.5785906161639024
2385,trialist,established,0.9096414770378156,0.6807613059046731
2386,habitual_regular,new_society,0.7184397799868675,0.7440943768141788
2387,habitual_regular,new_society,0.3289103301148418,0.9507542493820392
2388,habitual_regular,established,0.8824416844966388,0.5827766503580144
2389,habitual_regular,established,0.826514400461094,0.7738649408724033
2390,promo_hunter,established,0.7477846298154331,0.5468403984372172
2391,trialist,established,0.8651359112536928,0.5076055539473455
2392,habitual_regular,established,0.9560737634902605,0.32703663575409186
2393,habitual_regular,new_society,0.9358380913372707,0.5252024729283401
2394,habitual_regular,established,0.9133759140591013,0.5969687949496947
2395,habitual_regular,established,0.8684901049139112,0.8038167400304568
2396,habitual_regular,established,0.8695252029585897,0.40946052171185415
2397,trialist,new_society,0.8326155996582226,0.19007558037903385
2398,trialist,new_society,0.9490078426612143,0.6840716144493062
2399,habitual_regular,established,0.8905249404898602,0.7737881066121979
2400,habitual_regular,established,0.7475861373331272,0.5838183918098151
2401,trialist,established,0.645719446131369,0.314127304636787
2402,habitual_regular,established,0.9411276328170095,0.549508171138459
2403,promo_hunter,established,0.7444016254557387,0.6387740897543378
2404,trialist,established,0.9158775676923498,0.35521399534870723
2405,trialist,established,0.9798135951295871,0.40420522119513863
2406,promo_hunter,new_society,0.7428124416626483,0.18990151991331528
2407,trialist,new_society,0.5802715161857422,0.4988552341082124
2408,habitual_regular,new_society,0.9509949794626288,0.5758884778201873
2409,habitual_regular,new_society,0.8861602804796004,0.4622947140377952
2410,habitual_regular,established,0.7166212025034299,0.711448094651693
2411,promo_hunter,established,0.9972795665484796,0.33671086999932753
2412,habitual_regular,established,0.8474647774979114,0.7794280225562075
2413,habitual_regular,new_society,0.8410365300616887,0.7136324393987561
2414,trialist,established,0.4904684249602897,0.6126686154828321
2415,habitual_regular,established,0.513287241676162,0.8126165368820594
2416,promo_hunter,new_society,0.6745326846934094,0.20514525739213726
2417,trialist,new_society,0.8924046567395061,0.7574267766054102
2418,trialist,new_society,0.7790599683298576,0.5663122862400021
2419,promo_hunter,new_society,0.9607747438709924,0.33759082734562795
2420,power_user,new_society,0.8793599987387736,0.6318593050797542
2421,habitual_regular,established,0.8934194800798116,0.9364640694692579
2422,habitual_regular,new_society,0.8617911494741817,0.7929422427183982
2423,power_user,established,0.9523402464154441,0.65770416568525
2424,habitual_regular,established,0.8899166020002741,0.38958689357345405
2425,trialist,new_society,0.921454961820909,0.6609119126330827
2426,trialist,established,0.7479608620666459,0.5221414901954309
2427,habitual_regular,new_society,0.7802227794384577,0.7974768978888053
2428,habitual_regular,new_society,0.8789616289633289,0.4958700437891525
2429,power_user,new_society,0.8309363310211225,0.9790958968295469
2430,promo_hunter,established,0.9476570915202367,0.4094179567284865
2431,promo_hunter,new_society,0.6519550714339669,0.6623527813699737
2432,promo_hunter,established,0.6903159961157753,0.5235366881654857
2433,habitual_regular,established,0.8172250459681045,0.46083042804367885
2434,trialist,established,0.854217281299778,0.48529465862755977
2435,trialist,new_society,0.868801862600453,0.7252457937516357
2436,habitual_regular,established,0.9014151497917667,0.6583892141249754
2437,habitual_regular,established,0.9707359978321343,0.7201894478887771
2438,power_user,established,0.8466205044452779,0.7538157882660045
2439,habitual_regular,new_society,0.7889700880323383,0.44151989460177055
2440,promo_hunter,new_society,0.7224861972168558,0.5455833562787629
2441,habitual_regular,new_society,0.7051961843785567,0.7892507714575314
2442,trialist,new_society,0.771576476415871,0.5416616526890359
2443,trialist,established,0.648035470073951,0.3127847603519003
2444,promo_hunter,established,0.9168297542421445,0.2550591333323319
2445,power_user,established,0.7664320575130594,0.8769357927994559
2446,promo_hunter,new_society,0.6409326726269116,0.1646348323608452
2447,power_user,established,0.6972918487309722,0.9114008749881544
2448,trialist,established,0.8757386379547047,0.7084508246245375
2449,trialist,new_society,0.6966688589563517,0.3867987386488916
2450,power_user,established,0.780937813080713,0.9880263146244527
2451,habitual_regular,established,0.906098093383327,0.7301020091303693
2452,promo_hunter,new_society,0.8486942015113704,0.21600272352265174
2453,habitual_regular,established,0.6031795436926088,0.7388657311812734
2454,habitual_regular,established,0.8072787537594406,0.49454009030772733
2455,habitual_regular,established,0.7751613573716889,0.8178691528052484
2456,promo_hunter,new_society,0.7823173474462073,0.5839232063680009
2457,power_user,established,0.8205037446682051,0.7490794484099592
2458,trialist,established,0.8576570549885721,0.24691307254051462
2459,habitual_regular,established,0.8525027027778692,0.4476511975585828
2460,promo_hunter,established,0.6773496189034961,0.5094087756359458
2461,promo_hunter,new_society,0.6520991484103886,0.3160208628332915
2462,trialist,established,0.8414913102297317,0.6147309157236421
2463,trialist,new_society,0.8104210531176369,0.3152583016155978
2464,habitual_regular,established,0.7180210257667722,0.7892057740598473
2465,promo_hunter,established,0.9185225890913004,0.5721355015259432
2466,habitual_regular,established,0.76250041138494,0.8868076404107168
2467,promo_hunter,new_society,0.8525387602767173,0.36989053245514397
2468,power_user,new_society,0.48160670965251745,0.9089349032197861
2469,promo_hunter,established,0.7563185243519231,0.5200450790532773
2470,habitual_regular,new_society,0.8046405389841139,0.5754137462334532
2471,habitual_regular,established,0.8782747716384504,0.5206002558687277
2472,trialist,established,0.808812365876813,0.5770530260408485
2473,trialist,new_society,0.5558625641096173,0.5051375263469788
2474,trialist,established,0.9781040078392645,0.631741871842803
2475,trialist,established,0.8745082109828466,0.6495329499070027
2476,habitual_regular,new_society,0.9236921381504594,0.7267352713113906
2477,promo_hunter,new_society,0.7211369164027049,0.44673796764354895
2478,promo_hunter,established,0.6698039157685263,0.2830538201055982
2479,habitual_regular,new_society,0.6783511585681545,0.3078160835060212
2480,habitual_regular,established,0.7688215229631136,0.5456274961571418
2481,promo_hunter,established,0.8582926002183262,0.1784454383250899
2482,habitual_regular,new_society,0.7487385997242142,0.8172773242652532
2483,power_user,established,0.8936322042436394,0.9859308094532465
2484,habitual_regular,established,0.6133342608501049,0.7260239444665465
2485,trialist,established,0.6436539824141473,0.3380295699921422
2486,trialist,established,0.7307685802970333,0.8183376657971236
2487,trialist,new_society,0.7336556086095697,0.7354516126531182
2488,trialist,new_society,0.948865721926043,0.44001150010701084
2489,habitual_regular,established,0.7454738496828435,0.5695336437888623
2490,habitual_regular,established,0.9329227249725737,0.7254175362748762
2491,promo_hunter,new_society,0.6354922038897005,0.48338088522006134
2492,power_user,established,0.662885115352302,0.9655906530726592
2493,trialist,established,0.8905442211379021,0.44300589856043554
2494,trialist,established,0.8571588315982785,0.3450624514077403
2495,promo_hunter,established,0.866554994832763,0.387637118150599
2496,promo_hunter,established,0.6987049445374228,0.519297008815772
2497,trialist,established,0.489726255873939,0.31360050800147105
2498,promo_hunter,new_society,0.8865723879539759,0.45420209754769003
2499,promo_hunter,new_society,0.8910408182999016,0.0748416102004659
2500,habitual_regular,new_society,0.8580559727651486,0.5697234011577402
2501,promo_hunter,established,0.9793480421852176,0.2520573771571503
2502,promo_hunter,established,0.7341357016169289,0.17966875043815222
2503,habitual_regular,established,0.8904758996977922,0.712394940568476
2504,habitual_regular,new_society,0.8847146012860718,0.8515777205723111
2505,habitual_regular,new_society,0.6093116007771624,0.4506169159578589
2506,habitual_regular,established,0.9230842002243669,0.6420587753832314
2507,promo_hunter,established,0.729201661949393,0.44313404059658473
2508,trialist,new_society,0.76823494894939,0.5440573785660601
2509,promo_hunter,established,0.9010753165076363,0.2243210984896974
2510,promo_hunter,new_society,0.46421627880625915,0.6033328461189135
2511,habitual_regular,established,0.6488848967957772,0.6171839174961244
2512,promo_hunter,new_society,0.7658091739195217,0.28482380464546925
2513,promo_hunter,new_society,0.7216161534488451,0.29830775288912637
2514,habitual_regular,new_society,0.7224919454490356,0.6918176282679382
2515,promo_hunter,new_society,0.8317528075475471,0.2200951806671946
2516,promo_hunter,new_society,0.85275634096839,0.3437499973620207
2517,habitual_regular,established,0.8572451318313944,0.7807734902915696
2518,promo_hunter,new_society,0.994537845703737,0.2462281617822489
2519,promo_hunter,established,0.8875014375261497,0.4131141084608004
2520,habitual_regular,established,0.856935942129419,0.8081274483419654
2521,habitual_regular,established,0.9173066912508755,0.8755932935749402
2522,habitual_regular,new_society,0.7723830626554464,0.5107089889042128
2523,promo_hunter,established,0.8686067036793969,0.3913216754845386
2524,promo_hunter,new_society,0.9507399314793687,0.4420492526967412
2525,trialist,established,0.39526163393064984,0.43062259630680394
2526,power_user,established,0.6781817201464885,0.9034362354608212
2527,trialist,established,0.9266459693973205,0.5184296205243152
2528,trialist,established,0.49074114768940313,0.4219885860484727
2529,trialist,established,0.8173136216555975,0.433744268001829
2530,trialist,established,0.9062566859795106,0.2735932631314382
2531,promo_hunter,new_society,0.46488745523004704,0.4206264315911197
2532,promo_hunter,established,0.9502650389344689,0.18395665383644538
2533,habitual_regular,new_society,0.5512352681410048,0.2392776963301907
2534,promo_hunter,established,0.8217994709040126,0.360889819339761
2535,habitual_regular,established,0.8322142402884438,0.42097058936135767
2536,promo_hunter,established,0.8583785349001143,0.2660490157825539
2537,promo_hunter,new_society,0.7713693274922663,0.3298015217378426
2538,power_user,new_society,0.8331212052591589,0.7625894922764368
2539,habitual_regular,new_society,0.8672490025437691,0.6572642971131074
2540,promo_hunter,new_society,0.8790018182523484,0.45567616671573397
2541,promo_hunter,established,0.7575660243458019,0.15589431708730228
2542,trialist,established,0.5927046683003305,0.7816424613296944
2543,promo_hunter,established,0.7531576074169736,0.34910268116775683
2544,trialist,new_society,0.7549777770480423,0.505538750644251
2545,promo_hunter,established,0.6819053266108275,0.18729830228572442
2546,promo_hunter,established,0.7924968447548061,0.24696737234305416
2547,trialist,established,0.517064086999674,0.3837216480403931
2548,habitual_regular,new_society,0.9265650050566576,0.7496106413196406
2549,promo_hunter,established,0.6451606949317572,0.18888942276805476
2550,habitual_regular,new_society,0.8819466088635712,0.6303205684575974
2551,habitual_regular,new_society,0.9363721921738906,0.7858560770199603
2552,promo_hunter,new_society,0.7850931466863137,0.3415768205127747
2553,habitual_regular,new_society,0.5860567259198979,0.8447433076501328
2554,promo_hunter,established,0.970917329721463,0.5624093198481428
2555,promo_hunter,established,0.9136193897077387,0.060070022459965344
2556,habitual_regular,new_society,0.9181009731829568,0.3843833487384973
2557,habitual_regular,established,0.8463416307883354,0.8304267305288895
2558,habitual_regular,new_society,0.706840278522648,0.8521557604390478
2559,habitual_regular,established,0.9372761955187511,0.7327218280335853
2560,promo_hunter,new_society,0.9728012044055476,0.15986800222295997
2561,promo_hunter,established,0.9677321371372474,0.28201978329916433
2562,habitual_regular,new_society,0.9081393526529278,0.5253848418300378
2563,habitual_regular,new_society,0.553406452775979,0.8112790236818125
2564,habitual_regular,established,0.8152340978422719,0.8123756190257964
2565,promo_hunter,new_society,0.8759451476889693,0.081088044036951
2566,habitual_regular,established,0.7791877230360197,0.6730867088711108
2567,trialist,established,0.6999747569398388,0.569925512407121
2568,habitual_regular,new_society,0.7178179074550921,0.7977821384406599
2569,promo_hunter,new_society,0.7414952184476397,0.3187621207500373
2570,habitual_regular,established,0.7397349913038869,0.710673283297052
2571,trialist,established,0.8669007915744461,0.27039723284729433
2572,trialist,established,0.8373511945324137,0.2952986803164012
2573,habitual_regular,established,0.749752439176095,0.8602306456450736
2574,promo_hunter,established,0.9469460693159779,0.7135433810361526
2575,promo_hunter,established,0.8205134480501335,0.5444195268308205
2576,trialist,established,0.6094383293254952,0.4242166131177186
2577,power_user,established,0.7295533712571753,0.6933010532237257
2578,habitual_regular,established,0.8166264061698351,0.42466176307614
2579,promo_hunter,established,0.9051585146954627,0.24409320228532763
2580,power_user,established,0.7228673031149808,0.8898790409387493
2581,promo_hunter,established,0.7582070381420976,0.4724112395683817
2582,trialist,established,0.9493471538110676,0.618783615818206
2583,trialist,new_society,0.8286204784812216,0.24815698530863053
2584,trialist,new_society,0.8760420785022985,0.2587707818840931
2585,habitual_regular,established,0.9534728875264457,0.8888235156102431
2586,promo_hunter,established,0.8409474566771564,0.22125419496889723
2587,habitual_regular,new_society,0.8149218134193311,0.6294124325444538
2588,trialist,established,0.771420440126081,0.37954523453882577
2589,trialist,new_society,0.8390495824100944,0.2528224936992794
2590,habitual_regular,established,0.8638056448598527,0.7337115867896045
2591,trialist,new_society,0.8281973096717533,0.589825547442385
2592,trialist,established,0.7520498083062319,0.6927767597114349
2593,trialist,established,0.5819153535997834,0.4546982930441979
2594,trialist,established,0.8819255203980266,0.5102139234404385
2595,habitual_regular,established,0.7257169866546911,0.6067014388133098
2596,trialist,established,0.9594016239319932,0.6493442404857805
2597,power_user,established,0.8313642813185743,0.8490913065791236
2598,promo_hunter,new_society,0.7228316230934854,0.21057009049009984
2599,trialist,established,0.8194507503323357,0.3747458816852343
2600,trialist,established,0.8242623725755059,0.623320468961787
2601,habitual_regular,established,0.3913769203431217,0.7714449991302232
2602,habitual_regular,established,0.9777578337467,0.8778244375473226
2603,habitual_regular,established,0.70098003084594,0.6517698126632037
2604,promo_hunter,new_society,0.9351617721852404,0.43453112629169716
2605,trialist,new_society,0.791580483970792,0.4658974643852506
2606,promo_hunter,new_society,0.759297192788277,0.5261706071427515
2607,promo_hunter,new_society,0.8246254470650694,0.5460497817484318
2608,trialist,new_society,0.8419314890882563,0.6069461066128153
2609,habitual_regular,new_society,0.6643854035029209,0.676484646932751
2610,trialist,new_society,0.5446438573557937,0.48991165894604916
2611,power_user,new_society,0.7868659236394726,0.715375905437608
2612,promo_hunter,established,0.9372647614765681,0.2549986695952256
2613,habitual_regular,established,0.8826913880376221,0.7566889780173686
2614,promo_hunter,new_society,0.8054564267515075,0.12617107880338913
2615,trialist,established,0.8994537516737146,0.33874889224468047
2616,power_user,new_society,0.8320195024866732,0.7841325504537429
2617,habitual_regular,established,0.8970623033084099,0.7388320555437744
2618,trialist,established,0.9194197102865815,0.5350710935794988
2619,promo_hunter,new_society,0.9018951980915634,0.47573469464639767
2620,trialist,established,0.8935335565628894,0.4449092946352817
2621,trialist,new_society,0.8226750647459575,0.7366201246393451
2622,trialist,new_society,0.8089699429415315,0.48795961660115456
2623,promo_hunter,established,0.7317909205420045,0.4636832391420177
2624,promo_hunter,established,0.8455544572938967,0.21815570060345066
2625,habitual_regular,new_society,0.7884483006246035,0.6165077071508954
2626,habitual_regular,new_society,0.9139780524492578,0.9081764502894247
2627,habitual_regular,established,0.8107880908888236,0.535865386973472
2628,habitual_regular,new_society,0.37507494577070616,0.5808746233242356
2629,promo_hunter,established,0.9288173872662085,0.19692267760046392
2630,promo_hunter,established,0.8936814630252587,0.10054526310558408
2631,trialist,established,0.9547457766293931,0.7346418636671419
2632,promo_hunter,established,0.7174992380282244,0.37629374673023713
2633,habitual_regular,new_society,0.8267641293742041,0.7087027773674064
2634,habitual_regular,established,0.736495308405134,0.4935808579425654
2635,promo_hunter,new_society,0.7778948224503076,0.2476946652172716
2636,trialist,new_society,0.6969594480073276,0.45865012845423764
2637,habitual_regular,established,0.9785219787037943,0.43278018418213077
2638,promo_hunter,new_society,0.9057151689962577,0.5091761280331573
2639,trialist,new_society,0.7588651712208971,0.49708457112808613
2640,habitual_regular,new_society,0.8772125204653051,0.5975035277767178
2641,habitual_regular,new_society,0.9208299268295153,0.6770196534049505
2642,habitual_regular,established,0.9065505830944713,0.6584332549051843
2643,habitual_regular,new_society,0.6501910144641543,0.5774198763762883
2644,promo_hunter,established,0.7676708473580297,0.47340535442014386
2645,promo_hunter,new_society,0.7553828270508077,0.2930852945233332
2646,promo_hunter,established,0.8971968540900904,0.17667157363211983
2647,habitual_regular,established,0.6192920189550599,0.5616262089169066
2648,habitual_regular,new_society,0.770514636410503,0.5713882650810749
2649,promo_hunter,established,0.5227696355377405,0.270606740372952
2650,promo_hunter,established,0.8172050991638417,0.3572925241988985
2651,promo_hunter,new_society,0.8899589114770373,0.11570648686508349
2652,trialist,new_society,0.8130786016452586,0.524546040058934
2653,trialist,established,0.6431414720371751,0.4196999627337009
2654,habitual_regular,established,0.8506461851786121,0.6222336099963772
2655,promo_hunter,new_society,0.8877509862809474,0.41720457527088584
2656,promo_hunter,new_society,0.9761218261770506,0.3407212455409212
2657,habitual_regular,new_society,0.6479090564501949,0.8572765769757865
2658,trialist,new_society,0.8489892813127862,0.6367267709352472
2659,habitual_regular,new_society,0.7195459160495864,0.7992696431702152
2660,trialist,new_society,0.9197361234972076,0.5885956338166723
2661,trialist,new_society,0.9015162086951303,0.5706867959765152
2662,promo_hunter,established,0.9840238870123768,0.24335298476475847
2663,trialist,new_society,0.7455920037691462,0.5141721662246024
2664,trialist,new_society,0.9030122093560038,0.5182451504707135
2665,promo_hunter,established,0.8220396813003271,0.4375128346251233
2666,trialist,new_society,0.7940071548687759,0.47811585582283056
2667,promo_hunter,new_society,0.9599479251512177,0.3112968788175977
2668,trialist,established,0.8498095319328536,0.4961085519014197
2669,trialist,new_society,0.8771293037710258,0.6187199543104805
2670,habitual_regular,established,0.6189624711414015,0.777394796562841
2671,habitual_regular,new_society,0.8829991911116806,0.5631735277790805
2672,promo_hunter,established,0.5429296909478937,0.4095804121533326
2673,habitual_regular,established,0.8231487771606333,0.9606255597080466
2674,promo_hunter,established,0.9427327153430028,0.7143968036104035
2675,promo_hunter,new_society,0.7707921620274621,0.4493796677598164
2676,habitual_regular,new_society,0.8847499983120375,0.8813625584325256
2677,power_user,established,0.7336172589747187,0.732141879196772
2678,habitual_regular,new_society,0.5372734549790124,0.8873081216676081
2679,trialist,established,0.9188428359113145,0.2921061397688284
2680,promo_hunter,established,0.8617779652020336,0.36194513434570186
2681,power_user,new_society,0.9476271303133628,0.9814433708215878
2682,trialist,established,0.7630573755014821,0.34709144186986884
2683,trialist,established,0.6337814016534391,0.6268949003464104
2684,promo_hunter,established,0.9690291153599117,0.4118033540880328
2685,promo_hunter,established,0.6847076452356873,0.4623531163322353
2686,trialist,established,0.6136839705543852,0.4142004914649879
2687,promo_hunter,established,0.7762925191162201,0.27180478243477774
2688,habitual_regular,established,0.7748857148129918,0.42104791524508606
2689,habitual_regular,new_society,0.9386457873511144,0.3961733197326866
2690,habitual_regular,established,0.8346355493694898,0.7598941203227345
2691,habitual_regular,new_society,0.83124087105378,0.5447025968972914
2692,habitual_regular,established,0.8194786016773036,0.665060847951927
2693,trialist,new_society,0.7512775846063378,0.4881940866979764
2694,habitual_regular,new_society,0.7305298614930734,0.7335529456857509
2695,habitual_regular,established,0.7801327424630617,0.5228952377077271
2696,habitual_regular,established,0.7776491998484955,0.5836177265649234
2697,habitual_regular,established,0.5935293030002148,0.4548219685562681
2698,habitual_regular,established,0.8629623697196993,0.46688499951729945
2699,habitual_regular,established,0.8657459204573231,0.5707226455086293
2700,trialist,established,0.842892372697473,0.46300929038948035
2701,promo_hunter,new_society,0.5845066226129414,0.3905591915857292
2702,promo_hunter,established,0.7869401124772005,0.31425822181839064
2703,trialist,new_society,0.929463746572143,0.462302533487446
2704,habitual_regular,new_society,0.8078944952576255,0.6310934797033496
2705,habitual_regular,new_society,0.8494378622438586,0.5860842926079001
2706,promo_hunter,established,0.8005536323671126,0.5151658375835987
2707,habitual_regular,established,0.9567911435592559,0.49476133873395334
2708,promo_hunter,new_society,0.8101785267083179,0.46801299072589453
2709,trialist,established,0.8847038254065496,0.5353320114017842
2710,trialist,new_society,0.7480420128204905,0.30055753564664345
2711,habitual_regular,established,0.8583184561786061,0.7564083248798723
2712,promo_hunter,established,0.6566639789299555,0.6649201181228125
2713,trialist,new_society,0.9713763172977797,0.6707373610083931
2714,habitual_regular,established,0.8789948047336832,0.6522535456352682
2715,habitual_regular,new_society,0.9300572523430046,0.30131285084190257
2716,power_user,new_society,0.779978591458755,0.5229990088023289
2717,promo_hunter,new_society,0.7429409279293245,0.5522063651496648
2718,habitual_regular,established,0.7537134726296951,0.8580485414354324
2719,trialist,new_society,0.8805965108924718,0.4523653798662567
2720,trialist,new_society,0.8675959131084081,0.8150385913984747
2721,habitual_regular,new_society,0.9054146395270984,0.6149439126009267
2722,promo_hunter,new_society,0.8312149598263852,0.4145322913496676
2723,promo_hunter,established,0.8395720316191825,0.5414458991006476
2724,promo_hunter,new_society,0.814979771490373,0.36808802286571696
2725,habitual_regular,established,0.5771593545804514,0.5817036051205929
2726,power_user,new_society,0.8407038796414602,0.765733038349313
2727,habitual_regular,established,0.7523314810803229,0.7429558442212142
2728,habitual_regular,established,0.9728520824331043,0.5922879937619923
2729,promo_hunter,new_society,0.44856665949132946,0.43696487291926767
2730,power_user,established,0.6996366170313832,0.9685580529109382
2731,trialist,established,0.6984485342909323,0.8169814276930476
2732,promo_hunter,new_society,0.8766245160735362,0.524008471314831
2733,trialist,established,0.8549845636469561,0.3911639923257508
2734,promo_hunter,new_society,0.7286953930402751,0.2295386955997057
2735,promo_hunter,established,0.9261886868350773,0.38073587351725724
2736,trialist,new_society,0.7627554844566179,0.4234383539592683
2737,promo_hunter,established,0.7589721025273173,0.6929288368110166
2738,habitual_regular,established,0.9088304042126513,0.6808218219059524
2739,habitual_regular,established,0.6069527153698364,0.5017443938566188
2740,promo_hunter,new_society,0.9674577632223474,0.05765005042159566
2741,promo_hunter,new_society,0.9504330633435895,0.4462308163232673
2742,promo_hunter,established,0.722524323678666,0.6536122631888365
2743,trialist,established,0.7218585682481057,0.7431559169283678
2744,habitual_regular,new_society,0.916852698524367,0.5436359234097609
2745,trialist,established,0.8037010547981601,0.77943458887564
2746,power_user,established,0.6843423933745263,0.9514585886636473
2747,trialist,established,0.6323916294782806,0.37444256367586964
2748,trialist,new_society,0.9189657940209245,0.4780629259692569
2749,habitual_regular,established,0.8701912658086209,0.6199948976279254
2750,habitual_regular,new_society,0.7552718714397477,0.4924352665456522
2751,promo_hunter,new_society,0.6167959208108886,0.21875644867099953
2752,trialist,new_society,0.7773638061859162,0.5300359630778327
2753,promo_hunter,new_society,0.8914330121489377,0.3083438358740094
2754,power_user,new_society,0.7973451982232043,0.8724234279608084
2755,promo_hunter,established,0.7969362059853573,0.33964324167446974
2756,trialist,established,0.7692279415823107,0.5579917683677648
2757,trialist,established,0.8975477772861689,0.5836341733340124
2758,habitual_regular,new_society,0.9290165775738747,0.6161996325790393
2759,power_user,established,0.5959028713363969,0.8007365091819098
2760,promo_hunter,established,0.9760198487454081,0.21474403216993543
2761,habitual_regular,established,0.6934161904042515,0.5872246290638319
2762,habitual_regular,new_society,0.7910305861896799,0.7249536367849927
2763,promo_hunter,new_society,0.8977928419010741,0.5315424181114301
2764,trialist,established,0.6025644975373343,0.45267219525224517
2765,promo_hunter,established,0.6933041055285927,0.43861612971158953
2766,power_user,established,0.744485520987907,0.8666639833822736
2767,trialist,new_society,0.7483825266193469,0.46187665838351144
2768,habitual_regular,new_society,0.975713446204274,0.7283283463150292
2769,trialist,established,0.8959424576097679,0.4421659724729889
2770,trialist,established,0.6271590696710166,0.6021038555482127
2771,habitual_regular,new_society,0.7278640781762563,0.5538173776728855
2772,habitual_regular,new_society,0.7409597230860298,0.474163224132885
2773,habitual_regular,new_society,0.8847122028593428,0.27453374645700956
2774,trialist,established,0.8513176467106085,0.46240279143193264
2775,habitual_regular,new_society,0.7943564272184319,0.5098875138242517
2776,promo_hunter,new_society,0.5607797210951989,0.3650270226665741
2777,habitual_regular,new_society,0.8953248492175497,0.511323958336911
2778,promo_hunter,established,0.9448505620497044,0.25177904872445583
2779,trialist,new_society,0.6663830083955589,0.7253369862119516
2780,trialist,established,0.6609733532801891,0.6120397567256165
2781,habitual_regular,new_society,0.9719643508733733,0.720208865402689
2782,habitual_regular,established,0.7877668276108356,0.5346862109288752
2783,promo_hunter,new_society,0.7359293700402317,0.45921280496701267
2784,trialist,new_society,0.6311899590964766,0.5042773278108491
2785,trialist,established,0.8872142574706489,0.41248248346992544
2786,promo_hunter,new_society,0.7293392546404206,0.3865920105774389
2787,promo_hunter,established,0.8214671250235437,0.36850517219785117
2788,trialist,new_society,0.8426198249711534,0.402449544424811
2789,habitual_regular,established,0.781596200084005,0.7982748356253802
2790,habitual_regular,established,0.9230866475877534,0.38950041476959807
2791,power_user,established,0.8600158213092526,0.9299835465050643
2792,promo_hunter,established,0.7542678476666488,0.3367220309083016
2793,habitual_regular,established,0.9697457634193849,0.3804517175969775
2794,trialist,established,0.7662435895033967,0.6467693577109379
2795,promo_hunter,established,0.908404354898235,0.12477744967305286
2796,habitual_regular,new_society,0.6041937441295255,0.73313682868194
2797,promo_hunter,established,0.9092398689655009,0.5154455214472458
2798,habitual_regular,new_society,0.8773092539305352,0.740337536221745
2799,habitual_regular,new_society,0.9567437486690025,0.5207716481460083
2800,promo_hunter,established,0.8267051231211207,0.48922052066184
2801,habitual_regular,established,0.7808861174847,0.5576700336676841
2802,power_user,established,0.8461784920526321,0.6636218587042203
2803,trialist,established,0.8255886939773386,0.33660095768165244
2804,habitual_regular,new_society,0.8634363934340344,0.5955218194536609
2805,promo_hunter,new_society,0.6884646223113822,0.12177204877368561
2806,promo_hunter,established,0.8795153655762892,0.2631173890355543
2807,promo_hunter,established,0.9152005464996114,0.16360577281356867
2808,habitual_regular,established,0.7948067151020154,0.5979041393847223
2809,power_user,established,0.8392069230746025,0.8690793197928977
2810,promo_hunter,new_society,0.9655721210797051,0.36991139007332
2811,habitual_regular,new_society,0.862867140828606,0.688687633613906
2812,habitual_regular,established,0.7451935510696848,0.7737289116452859
2813,promo_hunter,new_society,0.4707470609442377,0.1325565785495526
2814,promo_hunter,established,0.9418864039717997,0.5226183548761923
2815,promo_hunter,established,0.79025185186811,0.3718828574150591
2816,promo_hunter,established,0.768412372872567,0.4940894486867528
2817,promo_hunter,established,0.4833576399502408,0.3884210421023557
2818,power_user,new_society,0.8578057351266601,0.9083951899479566
2819,trialist,new_society,0.7819990090438859,0.5876076518337556
2820,power_user,new_society,0.7588441974451837,0.8036558521600153
2821,trialist,established,0.7173298047630912,0.6323429617415953
2822,habitual_regular,new_society,0.7928126737899177,0.9074927762737792
2823,promo_hunter,new_society,0.6974894692664836,0.19334292984062362
2824,habitual_regular,established,0.9253273251365646,0.553143600465342
2825,trialist,new_society,0.9166200335610735,0.20929236371230478
2826,trialist,new_society,0.9672456029601831,0.7677241323811157
2827,trialist,established,0.6054626169601035,0.2990626502112056
2828,promo_hunter,established,0.9296609987155015,0.3073658647981596
2829,habitual_regular,established,0.8769795574617811,0.526738320312815
2830,trialist,new_society,0.8916909857391329,0.2029462665053888
2831,promo_hunter,established,0.8788256856017782,0.500691516721949
2832,habitual_regular,established,0.7003585134244606,0.4622772716384542
2833,habitual_regular,established,0.9121830096777834,0.6067332563118333
2834,trialist,established,0.7824283333755193,0.36179439065051133
2835,habitual_regular,established,0.7457035617521893,0.4716147025730091
2836,habitual_regular,established,0.672867972938861,0.6032872180081323
2837,habitual_regular,new_society,0.9017905616848156,0.6593712199761281
2838,habitual_regular,new_society,0.9688352866112933,0.3807271511111172
2839,promo_hunter,established,0.9786092141183131,0.29412110684733345
2840,promo_hunter,new_society,0.6753878048354288,0.2625835199355502
2841,trialist,established,0.8454167655136106,0.4755384647110602
2842,trialist,new_society,0.7027810109118161,0.6940792316179427
2843,habitual_regular,established,0.8765859967929319,0.38467832112877814
2844,habitual_regular,established,0.6219338750101361,0.5334339792127468
2845,trialist,established,0.8614095453786641,0.8140326989838746
2846,trialist,established,0.6266642893354409,0.6392220423219469
2847,habitual_regular,established,0.9359361161392364,0.6276356808293467
2848,promo_hunter,new_society,0.8904799521644459,0.24138800549298156
2849,habitual_regular,established,0.8318253156728097,0.5284216562804073
2850,promo_hunter,established,0.6784152344357216,0.04392408783846895
2851,trialist,established,0.6807548657982462,0.2734143540791511
2852,promo_hunter,new_society,0.45809504684129393,0.2951630171129059
2853,power_user,new_society,0.6618007864866627,0.8961456025211274
2854,promo_hunter,new_society,0.6287488074977651,0.24166645707235507
2855,promo_hunter,new_society,0.9136736665219796,0.3526077655767771
2856,power_user,new_society,0.7948034830619454,0.6493216872548327
2857,power_user,established,0.7092520436310236,0.797109898516984
2858,trialist,established,0.5211438682512255,0.43748750041747253
2859,trialist,new_society,0.8344014560622605,0.7645785989847488
2860,habitual_regular,established,0.913453380704308,0.7170775987436399
2861,power_user,new_society,0.8454289165392534,0.9810494310623162
2862,trialist,established,0.8551166689583795,0.24580638706816008
2863,promo_hunter,established,0.9274659002287475,0.31408002869089025
2864,habitual_regular,new_society,0.9835667768844616,0.5908461735437119
2865,habitual_regular,new_society,0.804194855111638,0.4868295961825454
2866,trialist,established,0.8861171529109635,0.3514504285341027
2867,promo_hunter,new_society,0.6552981497019436,0.3471462714631835
2868,promo_hunter,established,0.9538393998686219,0.3550879364972768
2869,promo_hunter,established,0.8443659566818583,0.13488470578837125
2870,trialist,established,0.6255297327669699,0.588120947439456
2871,trialist,established,0.7770148061519214,0.41925023891975705
2872,trialist,established,0.692593476038884,0.7269652170448809
2873,habitual_regular,established,0.7516546975138101,0.6838115384065009
2874,habitual_regular,new_society,0.9427950084328794,0.8794192296697757
2875,trialist,new_society,0.8679163126031884,0.45469682688768653
2876,habitual_regular,new_society,0.7650219594356071,0.7455819891156312
2877,promo_hunter,established,0.804975145514503,0.3979066720291703
2878,habitual_regular,new_society,0.6816013669418591,0.8822466688668257
2879,habitual_regular,new_society,0.917471073712258,0.8007474192647822
2880,promo_hunter,established,0.7987245874019365,0.2955509167138057
2881,habitual_regular,established,0.8728623116929414,0.4824452285946791
2882,power_user,new_society,0.820234967976971,0.7298944916596303
2883,promo_hunter,established,0.9358089057391277,0.5642037611417802
2884,trialist,established,0.9514999273385079,0.7754215702252004
2885,promo_hunter,established,0.9597567691044657,0.1388076476258645
2886,habitual_regular,established,0.7149281236768918,0.8183847651601097
2887,promo_hunter,established,0.5560944791027118,0.15792014811870603
2888,trialist,established,0.8430282397790891,0.49984915649750566
2889,trialist,established,0.6220019192900479,0.17437736655135605
2890,promo_hunter,new_society,0.9081034059938269,0.27514459717178924
2891,habitual_regular,new_society,0.9591068361979026,0.6414085790947719
2892,promo_hunter,new_society,0.5004900150418387,0.4092645017956059
2893,habitual_regular,established,0.849527260504623,0.5396587972998814
2894,habitual_regular,new_society,0.8947492682564587,0.695763668746903
2895,habitual_regular,established,0.8814716592585615,0.9077445794467732
2896,habitual_regular,new_society,0.8259063171124783,0.7941897359806258
2897,promo_hunter,established,0.8657824159433124,0.24871583912928177
2898,promo_hunter,new_society,0.93756300273364,0.44951062955977733
2899,promo_hunter,established,0.7314103831430524,0.731075936347824
2900,trialist,new_society,0.7896662145830561,0.6154953257793009
2901,power_user,new_society,0.7366118350216969,0.5108895435937331
2902,power_user,new_society,0.9398499931758474,0.6844303989832788
2903,promo_hunter,established,0.8984448221165375,0.7156638280937979
2904,promo_hunter,established,0.5436341678083677,0.2272991703667989
2905,habitual_regular,established,0.5443564994172142,0.6429689182141968
2906,promo_hunter,established,0.715713256683722,0.3252557582705354
2907,trialist,new_society,0.9295638782031517,0.4585077999213884
2908,trialist,established,0.7535306369588874,0.33259271276546853
2909,habitual_regular,new_society,0.9703993269593263,0.8827493383295942
2910,trialist,established,0.8941831201838125,0.5473385073875555
2911,trialist,established,0.7360641890953027,0.5631083844903971
2912,promo_hunter,new_society,0.8800287976833581,0.5004128970155411
2913,trialist,new_society,0.5856426363890398,0.5721462317100666
2914,promo_hunter,established,0.9132872184762759,0.6230792554953307
2915,trialist,established,0.8142522427905106,0.4775503660922622
2916,promo_hunter,new_society,0.7469657947729981,0.4224826297864312
2917,trialist,established,0.928106838095693,0.8184301576232872
2918,habitual_regular,established,0.8265271126013073,0.7473487259189288
2919,promo_hunter,new_society,0.671896042439792,0.33013428564441893
2920,habitual_regular,new_society,0.7679649419429355,0.8743985441227222
2921,promo_hunter,established,0.9604560890861633,0.1875732279635633
2922,promo_hunter,established,0.7692397819108419,0.24999944543576155
2923,trialist,new_society,0.8940995870670514,0.5510407739280315
2924,power_user,established,0.7165388449465454,0.9500247608419367
2925,trialist,established,0.5288315391438407,0.3962586272917909
2926,habitual_regular,new_society,0.9808498303008503,0.9150683550150085
2927,promo_hunter,new_society,0.8362172980824604,0.23157777339219798
2928,trialist,new_society,0.5890623136947455,0.20838929984370688
2929,trialist,established,0.8742517073511541,0.21413936583394289
2930,trialist,new_society,0.4667776016480092,0.4082670124987332
2931,trialist,established,0.2680423550177342,0.7046781740448032
2932,trialist,established,0.9567748769092327,0.643693751768679
2933,habitual_regular,established,0.6215966266808671,0.9470223454255191
2934,habitual_regular,new_society,0.8248642359737,0.36299103135032046
2935,trialist,established,0.716460225758824,0.5321269698562003
2936,trialist,new_society,0.8001475797052408,0.5540103176425383
2937,promo_hunter,established,0.8915434664298645,0.18260417314835883
2938,promo_hunter,new_society,0.8366820728351461,0.5929756856604298
2939,promo_hunter,new_society,0.970266283533832,0.4196536574127002
2940,promo_hunter,established,0.8370460423531488,0.45537111347915515
2941,promo_hunter,established,0.818480529938883,0.7327974069129973
2942,promo_hunter,new_society,0.7328698015987363,0.1493042920986316
2943,promo_hunter,established,0.8773996599765479,0.5832790183309964
2944,habitual_regular,established,0.860873075872182,0.8671375077921731
2945,habitual_regular,new_society,0.9545524051528418,0.773342504856472
2946,trialist,established,0.8362566732939474,0.6720241317758864
2947,habitual_regular,established,0.7500269271983232,0.8462005857937852
2948,trialist,new_society,0.7543252388198953,0.7468764475987069
2949,habitual_regular,new_society,0.7770960986975963,0.5858640580646574
2950,promo_hunter,established,0.9322497172035354,0.4933760450330012
2951,trialist,new_society,0.9505968209652665,0.6598599910164366
2952,trialist,established,0.6576923590942356,0.4459619870882187
2953,promo_hunter,established,0.6286960261495652,0.47899814160498483
2954,trialist,established,0.9441944619050596,0.5982245998088893
2955,promo_hunter,established,0.9273345280699704,0.7551198045970741
2956,promo_hunter,established,0.9276797198984684,0.31313451337856996
2957,promo_hunter,established,0.726942304871041,0.13604243152126336
2958,habitual_regular,new_society,0.440603576787917,0.3841044010034313
2959,habitual_regular,established,0.8855046044936042,0.5095158072954155
2960,promo_hunter,new_society,0.8174768716758862,0.1995050966869834
2961,promo_hunter,established,0.6214584664639918,0.14315343323992274
2962,habitual_regular,established,0.8871024522645584,0.5473318808283237
2963,promo_hunter,new_society,0.9672166691342367,0.33172739801733525
2964,power_user,established,0.8931368446770062,0.958371745822353
2965,habitual_regular,new_society,0.9012697774167393,0.4742229276622822
2966,trialist,established,0.8722469425733039,0.4920547249573731
2967,trialist,established,0.8916854689282805,0.7100125537166029
2968,trialist,established,0.7842683964856387,0.4758624668457822
2969,trialist,established,0.6534034250795308,0.5399221980338349
2970,trialist,established,0.8997491815017764,0.6542600400353853
2971,habitual_regular,new_society,0.7433697214490698,0.5332637034476977
2972,habitual_regular,established,0.9707518065392778,0.8045922988800033
2973,trialist,established,0.7548249693034639,0.44285980414194653
2974,habitual_regular,established,0.7655903364007929,0.39430791127689163
2975,habitual_regular,new_society,0.763478098238574,0.6829147346746567
2976,promo_hunter,established,0.7840809475346807,0.25561542090891276
2977,promo_hunter,new_society,0.7849859543671572,0.6053548644761764
2978,habitual_regular,established,0.880028680393539,0.5833187797595303
2979,habitual_regular,new_society,0.7991098626609023,0.8064531086715214
2980,habitual_regular,established,0.7967968530840771,0.54840213275531
2981,power_user,established,0.604682292385763,0.7797992608002008
2982,habitual_regular,established,0.7682208882406385,0.7700960871469905
2983,promo_hunter,new_society,0.6649833803611915,0.33457820098100877
2984,habitual_regular,established,0.7965055545888743,0.48804952491822057
2985,promo_hunter,new_society,0.7931024643881304,0.49422461339705004
2986,promo_hunter,established,0.918015992644852,0.1753549927737882
2987,promo_hunter,established,0.7728351601564388,0.31717514691558063
2988,promo_hunter,established,0.9750007377633277,0.4362183555647871
2989,habitual_regular,new_society,0.8711641390713263,0.6264712737354943
2990,promo_hunter,established,0.7084377112191502,0.551373374794613
2991,trialist,established,0.8960466532805267,0.587580491431805
2992,power_user,established,0.9337555491233932,0.6996246303779939
2993,promo_hunter,established,0.4356153355342038,0.5445305214192262
2994,habitual_regular,new_society,0.6702747291423762,0.6558354838331896
2995,promo_hunter,new_society,0.7161473101765642,0.48791293258879304
2996,promo_hunter,new_society,0.8402038997351883,0.21336525042942828
2997,power_user,established,0.9301394161674633,0.8094420389739522
2998,habitual_regular,established,0.7607101672486267,0.44782530332716963
2999,promo_hunter,established,0.9832580472759859,0.35723981460448745
3000,power_user,established,0.5983183225685462,0.5335673392740492
3001,promo_hunter,new_society,0.7094109166274285,0.27949889896973157
3002,promo_hunter,new_society,0.8983142774037375,0.3966298539783944
3003,trialist,established,0.9555956037908906,0.41513845850720477
3004,trialist,established,0.7480625078666441,0.7387296796345487
3005,promo_hunter,established,0.9336130752334664,0.2647687715723602
3006,trialist,new_society,0.6756836286234288,0.4231550117021698
3007,promo_hunter,established,0.624518107048878,0.14143193894767364
3008,power_user,established,0.6933951429776247,0.843178171937881
3009,habitual_regular,new_society,0.8623275825341059,0.8551259313430499
3010,promo_hunter,established,0.7518244085010353,0.5404594017868007
3011,promo_hunter,established,0.5558631288522254,0.35509199593918916
3012,habitual_regular,new_society,0.5816837499259185,0.7086998988062421
3013,promo_hunter,new_society,0.9256249351282456,0.5210696737698551
3014,habitual_regular,established,0.8874273170222684,0.48770593557252995
3015,habitual_regular,new_society,0.727624072103929,0.6132104709293824
3016,trialist,new_society,0.9668978669117444,0.48994145508393094
3017,trialist,new_society,0.8899087346493211,0.4302133909797061
3018,power_user,established,0.8066627699484792,0.7700412903174381
3019,trialist,new_society,0.663684591587319,0.21025978766667047
3020,power_user,established,0.5022526427033039,0.9251938708323043
3021,power_user,established,0.606479810621784,0.6433989382499532
3022,promo_hunter,new_society,0.779862275622554,0.3960224008375858
3023,promo_hunter,established,0.6552050719942001,0.40338420720770307
3024,habitual_regular,established,0.8671510017882673,0.5600469885366772
3025,promo_hunter,established,0.8959791894639497,0.6872189412554
3026,habitual_regular,new_society,0.612538621551765,0.5163529473882377
3027,habitual_regular,established,0.7893474466271826,0.5477532368552709
3028,trialist,established,0.7261286988048113,0.6220766608353792
3029,promo_hunter,new_society,0.8781782505429376,0.4819640422386922
3030,promo_hunter,established,0.8072298387898965,0.45861626213579665
3031,habitual_regular,new_society,0.968754277518913,0.6807236473187959
3032,habitual_regular,established,0.9435406131523171,0.7710457032665993
3033,habitual_regular,established,0.8430106870221071,0.7761041820664839
3034,promo_hunter,established,0.6883140459021883,0.1883990742883312
3035,trialist,established,0.7490933708538513,0.5232192135519119
3036,habitual_regular,established,0.8970732788582098,0.8096711782107506
3037,trialist,new_society,0.806562645964809,0.29629632544180634
3038,habitual_regular,established,0.7426305542458669,0.593858399277447
3039,habitual_regular,established,0.8755417923224083,0.6152718809499462
3040,trialist,established,0.8147744729944445,0.5507428229276055
3041,habitual_regular,established,0.8956812230819314,0.6332111780848758
3042,power_user,established,0.8218962158292646,0.9457131150006713
3043,habitual_regular,established,0.9225022129390192,0.591127636649733
3044,habitual_regular,established,0.7030080515175811,0.7643468837408198
3045,trialist,new_society,0.8329295018980248,0.45380952385512224
3046,habitual_regular,established,0.7895371782619879,0.6067181195983994
3047,promo_hunter,established,0.8273595968213379,0.6219160789119699
3048,promo_hunter,established,0.8536160284297438,0.45914826156077654
3049,promo_hunter,established,0.9019496841558491,0.2352003970423265
3050,promo_hunter,established,0.6283185658901287,0.18294059294160964
3051,promo_hunter,new_society,0.8445934554075614,0.46045925485807393
3052,habitual_regular,established,0.6928565268858455,0.6374382725978273
3053,promo_hunter,established,0.8139480488296447,0.16805971358867508
3054,promo_hunter,new_society,0.7645697016811245,0.1670187986706595
3055,habitual_regular,new_society,0.7444026103601739,0.36919641913957874
3056,promo_hunter,established,0.5852261536060647,0.5204561042615427
3057,trialist,new_society,0.8894815591362281,0.37937950537077736
3058,promo_hunter,new_society,0.8318951559613773,0.40931314008259606
3059,habitual_regular,established,0.7720470174830504,0.30474515123076507
3060,trialist,established,0.9439021687378725,0.48826640301339946
3061,trialist,established,0.8856247330161546,0.6553761742833356
3062,habitual_regular,new_society,0.9537006103869626,0.6760766584360549
3063,habitual_regular,established,0.9725945524265445,0.426651835974347
3064,trialist,established,0.5107736634054939,0.45693237149280597
3065,power_user,established,0.7559586988581702,0.8313758561053695
3066,power_user,new_society,0.6633352740529187,0.8880161864970424
3067,habitual_regular,new_society,0.6816096499509734,0.7868748790386888
3068,promo_hunter,established,0.8379371771196624,0.48554510497566256
3069,promo_hunter,established,0.5430873111834148,0.14969219582029303
3070,promo_hunter,new_society,0.6815074631747263,0.26862895941640863
3071,trialist,new_society,0.8772198143415767,0.6186003039764448
3072,trialist,new_society,0.8458876509228377,0.472688636957996
3073,habitual_regular,new_society,0.916699994213353,0.7745436837836056
3074,trialist,new_society,0.8533740829522717,0.4246783966314453
3075,habitual_regular,established,0.8000741893656527,0.41734049590671085
3076,habitual_regular,established,0.6183135756956333,0.48113698667430604
3077,habitual_regular,established,0.8670378883235461,0.6648535404529485
3078,habitual_regular,established,0.8170280165437971,0.40632342993868675
3079,promo_hunter,established,0.8331711947914385,0.5519610272911925
3080,promo_hunter,new_society,0.8837512189010593,0.33474969340497474
3081,habitual_regular,new_society,0.8960008467505521,0.5895632452745678
3082,trialist,established,0.9556160391651278,0.3616632224179151
3083,trialist,established,0.8678857975511531,0.42567319342418786
3084,promo_hunter,new_society,0.7633494578446144,0.477476979219678
3085,promo_hunter,established,0.7083013120031572,0.3604530285807389
3086,promo_hunter,established,0.8716126986597864,0.37283337716146636
3087,habitual_regular,new_society,0.8160995054890386,0.6742102229680441
3088,habitual_regular,established,0.6322021779367736,0.8257130051557748
3089,habitual_regular,new_society,0.6824068696036567,0.5854952493535125
3090,power_user,established,0.8564999885571791,0.816088274600244
3091,trialist,established,0.8242047629695325,0.40002432685380124
3092,habitual_regular,established,0.8705544447157929,0.5480909171740566
3093,habitual_regular,new_society,0.5552546047895452,0.4656612139338585
3094,habitual_regular,established,0.7871855342967321,0.6676761464996118
3095,power_user,established,0.7608412389163376,0.7043158133728205
3096,promo_hunter,established,0.7726130943952901,0.2674975509624552
3097,promo_hunter,established,0.8677150615311031,0.2926305417186097
3098,habitual_regular,established,0.6554538792188415,0.5087064905120795
3099,habitual_regular,established,0.8142206707432225,0.7107048347855949
3100,habitual_regular,established,0.7688251099314419,0.5070371409669997
3101,habitual_regular,new_society,0.7861326552501897,0.31306620339098123
3102,trialist,new_society,0.8237722761494501,0.6855218102673722
3103,habitual_regular,established,0.7640430045335307,0.31124359116378636
3104,habitual_regular,new_society,0.8227903006980446,0.6348372542968961
3105,habitual_regular,new_society,0.8765668296062311,0.6100393298640232
3106,habitual_regular,established,0.7836607704013993,0.5474181732246108
3107,trialist,new_society,0.5185022303785378,0.48106051854818577
3108,trialist,established,0.6492986541452851,0.5327670273547668
3109,trialist,new_society,0.9425736887672075,0.7696404096531322
3110,habitual_regular,established,0.8136676365876844,0.5297106818602831
3111,promo_hunter,established,0.8909770897619458,0.16640429044609317
3112,habitual_regular,established,0.8647240196135857,0.8505622422338452
3113,habitual_regular,new_society,0.8825659522264079,0.561614668058087
3114,habitual_regular,established,0.7316964773309934,0.7886567216578675
3115,power_user,established,0.8948628896314301,0.666573180818459
3116,trialist,established,0.9209589600415901,0.3222837621085745
3117,promo_hunter,established,0.9197461271851914,0.5556111408913247
3118,habitual_regular,new_society,0.8474327813723014,0.8112770895546039
3119,habitual_regular,established,0.7894317511757343,0.8026881058025753
3120,habitual_regular,established,0.594252033018542,0.6620127560124973
3121,promo_hunter,new_society,0.8006599523971638,0.4818009592610325
3122,promo_hunter,established,0.8048766953565223,0.17129604034365076
3123,power_user,established,0.9425976588810105,0.9792418250056926
3124,habitual_regular,established,0.7424960137903541,0.4725748843441153
3125,habitual_regular,established,0.9427922394448179,0.7683138140750635
3126,promo_hunter,new_society,0.6608472354866508,0.6713170516941459
3127,promo_hunter,new_society,0.6658187731257206,0.42519177840828415
3128,promo_hunter,new_society,0.9141709183961217,0.4294491749141861
3129,habitual_regular,new_society,0.6032846826880116,0.37444312643815963
3130,trialist,new_society,0.7400861171453699,0.8114538316330193
3131,habitual_regular,new_society,0.5931818735029339,0.7565466742405238
3132,trialist,established,0.9300933267057488,0.38323601340200925
3133,trialist,new_society,0.8851219883555383,0.6192579325385871
3134,habitual_regular,established,0.7750220358260437,0.607274377281854
3135,trialist,new_society,0.9521571459740864,0.7724386080327181
3136,power_user,established,0.9596724727416568,0.9032775922099852
3137,trialist,established,0.6253343123301363,0.3878096704357489
3138,promo_hunter,new_society,0.6572838585262646,0.17886215283079773
3139,trialist,new_society,0.6554442267357183,0.5041900114645935
3140,promo_hunter,new_society,0.8781623906232804,0.3591971465240302
3141,promo_hunter,new_society,0.6410197201840662,0.3208414169002424
3142,habitual_regular,established,0.9009200302437776,0.8858463003565961
3143,trialist,new_society,0.9660949778588763,0.7787035095890348
3144,trialist,established,0.8347921029113388,0.22073712195534415
3145,habitual_regular,established,0.7755472159857125,0.908277626374219
3146,promo_hunter,established,0.9431082276669016,0.5717550845036623
3147,promo_hunter,new_society,0.8580785911352447,0.13694619912513223
3148,habitual_regular,new_society,0.8640307959434211,0.5146774943806895
3149,habitual_regular,established,0.7444690285041727,0.4053095168918176
3150,promo_hunter,established,0.9537506283675835,0.3827805138042333
3151,promo_hunter,new_society,0.725461888061439,0.18872279899751984
3152,promo_hunter,new_society,0.9438219477334858,0.20491200112830416
3153,habitual_regular,new_society,0.8051166714955243,0.8779092185432246
3154,trialist,established,0.9148199182299015,0.2388029407172079
3155,trialist,new_society,0.7394053291393753,0.5713831820215344
3156,trialist,new_society,0.8061210676663227,0.5254529410532431
3157,trialist,new_society,0.823169236193614,0.5862991102025168
3158,power_user,new_society,0.8175707808457314,0.7909533540755879
3159,trialist,new_society,0.70806705715943,0.5684733444326899
3160,promo_hunter,new_society,0.8592291350008885,0.47052581820622347
3161,trialist,established,0.839932166298664,0.42278443782368014
3162,power_user,established,0.7915188889550656,0.7632396320806478
3163,habitual_regular,new_society,0.9257098546027418,0.8968683651988529
3164,trialist,new_society,0.8769993050899832,0.714474776364283
3165,promo_hunter,established,0.8874960220089818,0.3623215585749381
3166,promo_hunter,new_society,0.7792321182062472,0.10871919044879004
3167,promo_hunter,established,0.6526230630469827,0.5085885240647409
3168,habitual_regular,new_society,0.8719557464007682,0.293071928527792
3169,habitual_regular,new_society,0.9194128372069175,0.6005432013707699
3170,habitual_regular,established,0.7374762473329391,0.4806914131268936
3171,promo_hunter,established,0.5849248722515233,0.26021521834007927
3172,trialist,established,0.7106796261619694,0.42686469946775346
3173,promo_hunter,established,0.8070247046546306,0.3462649605702536
3174,power_user,established,0.9473144203797281,0.8452682171967281
3175,trialist,new_society,0.8902801467992115,0.7052728191388682
3176,trialist,established,0.7604982739972505,0.7507113196595792
3177,habitual_regular,established,0.7707296152833008,0.4104357365654915
3178,habitual_regular,established,0.5122110175876263,0.3811931831208358
3179,promo_hunter,new_society,0.6746107371384752,0.4900833508111383
3180,trialist,established,0.7209190007097918,0.48197394371282076
3181,habitual_regular,established,0.9339220042683508,0.7529311684172286
3182,promo_hunter,new_society,0.9030799939541516,0.2687269971777655
3183,habitual_regular,established,0.8609844298543059,0.46381503188157247
3184,habitual_regular,new_society,0.7882360683976868,0.37904144004702583
3185,trialist,new_society,0.7279576631019635,0.6966704050350804
3186,promo_hunter,new_society,0.8962663926970976,0.4841717552466422
3187,habitual_regular,new_society,0.867606833959585,0.7978402692889863
3188,habitual_regular,established,0.9189435983120635,0.6456360595446118
3189,trialist,new_society,0.6066557909341017,0.5277303354098389
3190,power_user,new_society,0.7202516630987911,0.8265756239388553
3191,trialist,new_society,0.9452422931677453,0.4584030029820688
3192,trialist,new_society,0.7837473436654978,0.44355964919303087
3193,promo_hunter,established,0.7665063850449608,0.5471516203969345
3194,habitual_regular,new_society,0.7990142302239798,0.800896745130769
3195,habitual_regular,new_society,0.780948114246459,0.8120217542857597
3196,power_user,established,0.8445836793112247,0.9103310352284725
3197,trialist,established,0.7928807147217805,0.6570146850113829
3198,habitual_regular,established,0.531752194553944,0.4918128178368343
3199,promo_hunter,established,0.6579815350926607,0.4708843136215116
3200,habitual_regular,new_society,0.8830842791955403,0.6341871725273173
3201,trialist,new_society,0.8423437412164815,0.6957512007255044
3202,promo_hunter,established,0.786574073133915,0.29822368624582657
3203,promo_hunter,established,0.8979963908843483,0.47908042658218114
3204,trialist,new_society,0.5617861552456166,0.37438454389240666
3205,promo_hunter,new_society,0.8398794213533879,0.739553644106488
3206,trialist,new_society,0.6768178369580431,0.08636089333605838
3207,habitual_regular,new_society,0.8688979073894478,0.7247735200457809
3208,habitual_regular,established,0.8592471807105468,0.13000807245846713
3209,power_user,established,0.8648598805486102,0.7175723300385635
3210,power_user,new_society,0.6087844369777967,0.746132383173998
3211,trialist,new_society,0.7734233353904683,0.7426340584241663
3212,habitual_regular,established,0.6995749541953299,0.7309574946563581
3213,promo_hunter,new_society,0.6466736925502583,0.44745471084732863
3214,promo_hunter,established,0.8368979728248449,0.49101438215958226
3215,promo_hunter,established,0.7482544341392033,0.46705631475335024
3216,habitual_regular,established,0.8028979237698011,0.9129360811051653
3217,trialist,established,0.8198865645688146,0.3338035975271225
3218,habitual_regular,established,0.5505808052757708,0.5527838389904037
3219,habitual_regular,established,0.7020966335620132,0.31686536657706915
3220,promo_hunter,established,0.5642890281096561,0.320203560494017
3221,trialist,established,0.6019260638572326,0.519274652323805
3222,trialist,new_society,0.98576393305245,0.5965589945591515
3223,promo_hunter,established,0.868100276702666,0.4570189864206445
3224,habitual_regular,established,0.8396738658740321,0.539767205759827
3225,habitual_regular,new_society,0.5515606088663618,0.5987042073649641
3226,promo_hunter,new_society,0.8801544990897354,0.5268933340579844
3227,trialist,new_society,0.8600758520680618,0.342355489817667
3228,trialist,established,0.9049150852253122,0.6310185306499813
3229,promo_hunter,established,0.9400165594994715,0.21823986481502744
3230,habitual_regular,new_society,0.7938240358139226,0.8533395946774834
3231,promo_hunter,established,0.7456173936549066,0.3445238657757307
3232,trialist,established,0.866751986571787,0.5236498934741751
3233,trialist,new_society,0.8466191578163549,0.4426756394277578
3234,trialist,established,0.7554381548451388,0.40300239036680147
3235,habitual_regular,established,0.8481275113695977,0.776482562480181
3236,habitual_regular,established,0.71632729556777,0.4117648386128514
3237,promo_hunter,established,0.9298482351557148,0.15049378074656486
3238,promo_hunter,established,0.529810820887067,0.2741766715630732
3239,habitual_regular,new_society,0.7746625708821823,0.6791335434917644
3240,trialist,new_society,0.9124633380973067,0.38877726843485005
3241,habitual_regular,established,0.4828906235055901,0.48498980619222987
3242,promo_hunter,established,0.8508889507071384,0.3023758904498167
3243,promo_hunter,established,0.8033603590807532,0.29578044754920535
3244,habitual_regular,established,0.964120347145702,0.7139596373029403
3245,trialist,new_society,0.6592230481583307,0.4494142523561274
3246,habitual_regular,established,0.4350235183311413,0.7400965382271315
3247,trialist,established,0.7752108524089195,0.5104966492085848
3248,promo_hunter,established,0.7224510600680948,0.24873320185636144
3249,trialist,new_society,0.8989192565782047,0.62167050958759
3250,trialist,new_society,0.6648444500365636,0.6793405918016797
3251,trialist,established,0.8922910406730786,0.6892179219530978
3252,habitual_regular,established,0.9044220272972004,0.567911664873593
3253,habitual_regular,new_society,0.8315952476543982,0.39189530837252967
3254,promo_hunter,established,0.7932518032588336,0.4215062091433133
3255,promo_hunter,new_society,0.5240599835608953,0.5474498038618305
3256,promo_hunter,established,0.938451358127698,0.356156313223657
3257,trialist,new_society,0.767464879085163,0.7412991879291595
3258,habitual_regular,new_society,0.6484196600916186,0.7504509694791509
3259,habitual_regular,new_society,0.8950972265458044,0.6716655733451667
3260,habitual_regular,established,0.7077154486621772,0.2930151670127667
3261,promo_hunter,established,0.7036675479448092,0.5935967752108928
3262,habitual_regular,new_society,0.8744993854925805,0.8230359233319923
3263,promo_hunter,established,0.7069365395942698,0.14971494165947405
3264,promo_hunter,established,0.6319492846184593,0.33072453979046396
3265,trialist,new_society,0.8021335988731899,0.569865078969162
3266,promo_hunter,established,0.5777155965488544,0.37163645220566366
3267,promo_hunter,established,0.8764982265177743,0.3446003960845395
3268,promo_hunter,new_society,0.4992028384660395,0.2908863921419597
3269,promo_hunter,established,0.9405411324285899,0.3513600149914957
3270,promo_hunter,established,0.6910348203975231,0.30077505449127434
3271,power_user,established,0.7619585269452704,0.9130153045602053
3272,trialist,established,0.8304446615286235,0.4488082040478393
3273,trialist,established,0.7024246808708675,0.4190641984480191
3274,trialist,new_society,0.9305063185098348,0.360529423966936
3275,promo_hunter,established,0.7797418473424566,0.18929453962699283
3276,promo_hunter,established,0.8408564513118547,0.5561522561957023
3277,habitual_regular,new_society,0.8950998643400948,0.6263395602306976
3278,promo_hunter,established,0.622117697386013,0.2666852617421825
3279,trialist,established,0.7482331817916532,0.5015308738982822
3280,habitual_regular,new_society,0.8780341493729455,0.5791594093679103
3281,trialist,new_society,0.7610842899286956,0.2202027115287174
3282,habitual_regular,established,0.8383537607806059,0.6633015053186652
3283,habitual_regular,established,0.5741702901022189,0.42019142620746663
3284,trialist,established,0.4541006088820988,0.6508392274437098
3285,promo_hunter,established,0.6928293804130404,0.31438474193516414
3286,trialist,new_society,0.6413904548927041,0.46023245101304877
3287,promo_hunter,established,0.7062007689047357,0.3717679846784377
3288,promo_hunter,established,0.8992266628651433,0.5130047998370002
3289,habitual_regular,new_society,0.8779863350084044,0.6107583701225019
3290,trialist,established,0.7255695771229383,0.1822407374763789
3291,power_user,established,0.8539233036387546,0.8609457080772928
3292,habitual_regular,new_society,0.930783309822754,0.4801547629633839
3293,trialist,established,0.7350214773860584,0.5366643935835572
3294,habitual_regular,established,0.9925659998850569,0.5992321773106454
3295,power_user,new_society,0.7387735001228629,0.8385196678440092
3296,power_user,established,0.915985981032196,0.6688063895150141
3297,habitual_regular,established,0.9743392391864423,0.6326653751063416
3298,trialist,established,0.5036328052871473,0.5842647880467412
3299,habitual_regular,established,0.8463661976037067,0.5012145832345948
3300,trialist,established,0.7970150047262424,0.7276447496282401
3301,trialist,established,0.707565455460756,0.5212896231414194
3302,promo_hunter,new_society,0.9525894389115813,0.13369933568430659
3303,promo_hunter,established,0.9072119448832504,0.35912132205777764
3304,trialist,established,0.6772176401691935,0.4083364648540191
3305,habitual_regular,established,0.6287777363892746,0.8831417973705875
3306,promo_hunter,new_society,0.7406056788387292,0.24443830242213943
3307,trialist,new_society,0.947831056443349,0.12375298802262086
3308,power_user,new_society,0.9289430917564295,0.6771563510239713
3309,promo_hunter,established,0.9557625948470448,0.19464763309122388
3310,promo_hunter,established,0.7635741503222938,0.28862188450572596
3311,habitual_regular,established,0.7395132959800185,0.7237041303161829
3312,promo_hunter,established,0.6901614679823117,0.32442395269738555
3313,power_user,established,0.7441120675263344,0.7893278453221383
3314,trialist,established,0.8340132789647893,0.31695231998068957
3315,habitual_regular,new_society,0.6412409190569882,0.5118208068793422
3316,promo_hunter,established,0.7419043882774051,0.4216062859461681
3317,trialist,new_society,0.9197153702799127,0.4518689036547502
3318,promo_hunter,established,0.9619791090087182,0.26420362370301614
3319,habitual_regular,new_society,0.7762339181428166,0.4924056500091107
3320,habitual_regular,established,0.8897385759967962,0.7774582764545767
3321,trialist,new_society,0.6709912984464647,0.47685908547013783
3322,promo_hunter,established,0.9691558189136181,0.48447806511870245
3323,trialist,established,0.8380493598289154,0.3558968395522449
3324,habitual_regular,established,0.7867153887062216,0.5779510252883648
3325,habitual_regular,new_society,0.6706416597965961,0.42518384315818336
3326,trialist,new_society,0.8438331751864906,0.5795465350926524
3327,habitual_regular,new_society,0.7896681434276553,0.6829104564240048
3328,habitual_regular,new_society,0.656794351385704,0.6373969081876064
3329,power_user,established,0.38566374670797354,0.750473951834516
3330,trialist,established,0.8517930997984355,0.534335013657183
3331,promo_hunter,new_society,0.7235822824499147,0.4211034615002474
3332,habitual_regular,established,0.7265256573047262,0.8404021565224697
3333,promo_hunter,new_society,0.940832261695907,0.2934806100604119
3334,promo_hunter,established,0.6998528369543107,0.3180667107356622
3335,habitual_regular,established,0.7572012653476519,0.5068043315465733
3336,promo_hunter,new_society,0.49753008779595215,0.38058123120576687
3337,habitual_regular,new_society,0.8440738720208883,0.6054512520460644
3338,trialist,new_society,0.8626384626676379,0.30389704006834845
3339,trialist,new_society,0.9311702766632676,0.5861980588136451
3340,habitual_regular,established,0.6896982284290085,0.6073872279711812
3341,promo_hunter,new_society,0.8290572744302567,0.4676667479969988
3342,trialist,new_society,0.9081752308111467,0.4901851145232157
3343,promo_hunter,established,0.9042850654355832,0.2384539005751686
3344,trialist,new_society,0.9594201528236971,0.24623020729732142
3345,promo_hunter,established,0.8888816272114167,0.2791100899610364
3346,promo_hunter,established,0.9505635218177548,0.15662807047370628
3347,trialist,established,0.7594125990527586,0.5146226471742446
3348,power_user,established,0.6168269320830372,0.7629698903599639
3349,promo_hunter,established,0.8825654141087281,0.29116983845552985
3350,trialist,new_society,0.6576886263975433,0.5742984215985102
3351,habitual_regular,new_society,0.8384403640775296,0.8189439541066768
3352,promo_hunter,established,0.8883680182681134,0.5523333891667722
3353,promo_hunter,new_society,0.7164628349249107,0.3178146542282596
3354,power_user,new_society,0.9117016415911006,0.7423489319669964
3355,trialist,new_society,0.9444566490970445,0.2989346813906335
3356,promo_hunter,established,0.7796244364834446,0.39815098310884056
3357,habitual_regular,established,0.7374244879952906,0.7456279593184615
3358,habitual_regular,new_society,0.8062207477113619,0.864177875634772
3359,habitual_regular,established,0.5022178272295812,0.651341899682127
3360,trialist,new_society,0.8857259716099837,0.5671006929043192
3361,habitual_regular,established,0.9660161807997486,0.7093047346761592
3362,trialist,established,0.7539256908302612,0.7266420770039913
3363,promo_hunter,established,0.9173775555172513,0.1818140556268608
3364,trialist,established,0.9848174511723119,0.5474293430957885
3365,promo_hunter,new_society,0.7973230074495007,0.4946644850486018
3366,habitual_regular,new_society,0.9119481298092994,0.40209835621609585
3367,habitual_regular,established,0.7943377688942291,0.786440412432089
3368,trialist,established,0.8193425476135542,0.4358625946254098
3369,trialist,established,0.8344950135513451,0.20889280904594756
3370,promo_hunter,established,0.8165879291952233,0.6245871022782561
3371,habitual_regular,new_society,0.8528583334811188,0.6666944609211553
3372,habitual_regular,established,0.8706838865686732,0.8659568981435993
3373,habitual_regular,established,0.9007455122321905,0.42726354202856875
3374,trialist,new_society,0.7866025235756187,0.44529113463247116
3375,promo_hunter,established,0.9718108536801093,0.605101683291702
3376,promo_hunter,established,0.8193462807304467,0.4799981502221426
3377,habitual_regular,established,0.9536036948575487,0.38135156859385827
3378,power_user,new_society,0.8678869518893004,0.8882943083491484
3379,power_user,established,0.924900804097571,0.49354463692724443
3380,habitual_regular,established,0.7799692200697299,0.33488061264156627
3381,habitual_regular,established,0.8496902480418714,0.7890327994051322
3382,habitual_regular,new_society,0.6388282488535901,0.856001715719541
3383,habitual_regular,new_society,0.8990768041096014,0.725260472194194
3384,trialist,new_society,0.9306464383392097,0.6548526484940681
3385,power_user,established,0.7123063731367879,0.8827983118480072
3386,trialist,established,0.7901847968150081,0.404520213933168
3387,habitual_regular,new_society,0.6609121504788196,0.7425329635590726
3388,habitual_regular,new_society,0.6338760361531045,0.8373666519306889
3389,trialist,established,0.8221696239347063,0.21319844091752313
3390,trialist,established,0.8470292657605646,0.7881395955617567
3391,promo_hunter,established,0.8970525957747182,0.5981215277147482
3392,promo_hunter,established,0.4783855390653716,0.5473216146719385
3393,habitual_regular,established,0.8664537762455005,0.7060517811529665
3394,habitual_regular,new_society,0.9327344602291682,0.43168930234041086
3395,trialist,established,0.5655161275140024,0.47404365797178644
3396,promo_hunter,established,0.9314189490985552,0.3419151510371229
3397,promo_hunter,established,0.9695592246278256,0.18199135117017393
3398,habitual_regular,established,0.9127399274775494,0.48980163200990223
3399,habitual_regular,established,0.9196205312517107,0.7793488637596304
3400,habitual_regular,new_society,0.8277609446980563,0.34839559365695416
3401,promo_hunter,established,0.9765458871529196,0.37306979790620876
3402,habitual_regular,established,0.742875010943613,0.6427793806448759
3403,habitual_regular,established,0.7941902231211913,0.8529741073085573
3404,promo_hunter,established,0.7903963080503682,0.09787851431125659
3405,habitual_regular,new_society,0.9281282972032577,0.4863409491044566
3406,habitual_regular,established,0.8391409289064716,0.688980315002736
3407,power_user,established,0.9425390062963434,0.8742538766878796
3408,promo_hunter,new_society,0.7601802297641097,0.30032737792739833
3409,promo_hunter,established,0.9200558738026337,0.8397460328321067
3410,trialist,new_society,0.9249332791033735,0.5059014867498401
3411,habitual_regular,established,0.8419484256168793,0.8147733102235407
3412,power_user,established,0.6389646374281188,0.8376406259693006
3413,habitual_regular,established,0.8710708418556495,0.5285182011081861
3414,promo_hunter,established,0.785386891275483,0.516201533440035
3415,trialist,established,0.8131294806257251,0.522454944179655
3416,promo_hunter,established,0.8426835303717162,0.2687770174929417
3417,promo_hunter,established,0.8659941927772749,0.2691941755690257
3418,habitual_regular,established,0.9230440897326055,0.7561589595816449
3419,power_user,new_society,0.84527876260401,0.9154523830785358
3420,trialist,established,0.880947037971769,0.7824480847970582
3421,promo_hunter,new_society,0.7067968699298967,0.4833496417696479
3422,habitual_regular,established,0.7730822213846089,0.8341128073028806
3423,habitual_regular,established,0.5150321880968992,0.7872141237110046
3424,promo_hunter,new_society,0.7014388936334172,0.3970660045012313
3425,habitual_regular,new_society,0.6853039760082299,0.8375856490352711
3426,promo_hunter,established,0.8983058709486681,0.41720625396267536
3427,trialist,established,0.9052070217047462,0.5681542048446361
3428,habitual_regular,established,0.810856012794976,0.5751017537166081
3429,habitual_regular,new_society,0.9048651242771247,0.357234158644824
3430,habitual_regular,established,0.8579465339285746,0.563772052186067
3431,promo_hunter,new_society,0.8453730437009711,0.5719907504182359
3432,trialist,new_society,0.6221989910774791,0.3808448916273604
3433,promo_hunter,established,0.5784219158670729,0.32873364058418164
3434,promo_hunter,new_society,0.7650784424827217,0.721704893575185
3435,trialist,new_society,0.915509374815047,0.36851379128657424
3436,promo_hunter,new_society,0.7560680801192733,0.23778767949566293
3437,habitual_regular,new_society,0.5040622777107613,0.16206134399712344
3438,trialist,new_society,0.89315239215578,0.4156714199617719
3439,trialist,established,0.6887415839556208,0.8004843596958937
3440,habitual_regular,established,0.9303080236418325,0.8974981698070287
3441,power_user,established,0.8202996367698401,0.9931303495027906
3442,trialist,established,0.9193627390281667,0.5669104418553452
3443,trialist,established,0.9190621532634242,0.7397354964682383
3444,habitual_regular,new_society,0.6929439450050934,0.5965431650755644
3445,trialist,established,0.7466087783092191,0.17839754475229305
3446,habitual_regular,new_society,0.9155434356358135,0.747740239267117
3447,promo_hunter,established,0.4718616391379249,0.12498533871849538
3448,habitual_regular,established,0.6989723681942324,0.4194516307883588
3449,promo_hunter,new_society,0.6815509774655467,0.30598634642377975
3450,trialist,new_society,0.6414765325608439,0.3933740837230919
3451,habitual_regular,new_society,0.6777121652084888,0.6809062390018167
3452,promo_hunter,established,0.5398402837535288,0.42645707501247515
3453,habitual_regular,established,0.8953948352732971,0.2777922453076783
3454,habitual_regular,established,0.783160845660235,0.6730297102137065
3455,promo_hunter,established,0.747517493256774,0.3023378809778016
3456,promo_hunter,new_society,0.5976973659045548,0.4022631045729403
3457,power_user,established,0.7068660304117926,0.8436446986394376
3458,habitual_regular,established,0.7825977408919266,0.6554068424674118
3459,habitual_regular,established,0.6466407605583707,0.6901182183119761
3460,habitual_regular,established,0.5448979697087866,0.5056346611880567
3461,habitual_regular,established,0.6199739578989032,0.4516503461445578
3462,power_user,established,0.6815091531717895,0.6095626366739951
3463,promo_hunter,established,0.7934079592026595,0.47108878132985854
3464,habitual_regular,new_society,0.8736659531762643,0.29395234422830485
3465,promo_hunter,established,0.7888039642751629,0.37442241929200193
3466,trialist,established,0.8313912330486011,0.5912614823163811
3467,habitual_regular,new_society,0.6409170805375263,0.5578023307692221
3468,habitual_regular,new_society,0.88157877060404,0.8352987824462661
3469,power_user,established,0.5336171911768249,0.8515311967527011
3470,trialist,established,0.686693121296198,0.44381800174781405
3471,promo_hunter,established,0.7134264534194527,0.5206533555481434
3472,promo_hunter,established,0.686990323317473,0.3228300787659229
3473,habitual_regular,new_society,0.6814173558751142,0.5806002354166212
3474,trialist,new_society,0.8298082192360129,0.7655319724011755
3475,power_user,new_society,0.7252264211177917,0.8807063184883626
3476,promo_hunter,new_society,0.9373887817040895,0.3982129426932578
3477,promo_hunter,new_society,0.5901717740862891,0.1405535088153113
3478,trialist,established,0.7726831955970199,0.4287075405105914
3479,habitual_regular,established,0.841828894265543,0.666702935586546
3480,habitual_regular,established,0.7544105474013391,0.20004905320811012
3481,power_user,established,0.8412728133690379,0.4289785408413814
3482,promo_hunter,new_society,0.7048861955283922,0.22393783828009822
3483,trialist,established,0.8943665801910812,0.48691887169250275
3484,trialist,new_society,0.740378130688775,0.6638535687835192
3485,promo_hunter,established,0.7839835689828393,0.133584602027014
3486,trialist,new_society,0.7292327129859065,0.3770547284651207
3487,promo_hunter,established,0.3490529081705856,0.40637734044975016
3488,habitual_regular,new_society,0.9597662962229784,0.6974511921232873
3489,power_user,new_society,0.8283117599404541,0.843766906610227
3490,habitual_regular,new_society,0.7115246758275073,0.5855673959454127
3491,promo_hunter,established,0.9613369543462373,0.3551133034620135
3492,habitual_regular,established,0.8112327597966413,0.48200482662561644
3493,promo_hunter,established,0.8231799832407484,0.5141527341037466
3494,habitual_regular,new_society,0.956547845325129,0.7175245440112976
3495,promo_hunter,established,0.9684874484910287,0.22871510860841845
3496,promo_hunter,established,0.7761270468298631,0.5124844569091299
3497,habitual_regular,established,0.9189469115105422,0.37541293401678094
3498,power_user,new_society,0.8649821496897689,0.6163669858500593
3499,habitual_regular,new_society,0.6096178408271026,0.5663517759670177
3500,habitual_regular,new_society,0.9356070015891282,0.6516283721332985
3501,power_user,established,0.730780758704842,0.7449268647188795
3502,trialist,new_society,0.5377504379691572,0.2754267397972989
3503,promo_hunter,new_society,0.7820286881427905,0.3485377916408789
3504,trialist,established,0.7574392659617345,0.7086841097255672
3505,promo_hunter,established,0.6449957708143559,0.38924621226460593
3506,habitual_regular,established,0.6680148407395093,0.5746433849551709
3507,habitual_regular,new_society,0.8721129971928155,0.753655652986886
3508,trialist,established,0.826975435315082,0.5979653228908721
3509,promo_hunter,new_society,0.8340907648464411,0.5465278422479435
3510,habitual_regular,established,0.7364334737201018,0.45185704724896275
3511,promo_hunter,established,0.7073519008368695,0.5580096832074386
3512,promo_hunter,established,0.8816044520762775,0.5324100331973591
3513,trialist,new_society,0.8874454069083563,0.4539950767693871
3514,trialist,new_society,0.8869297214015796,0.6400720966549917
3515,promo_hunter,established,0.9129094356447477,0.37132654038318147
3516,trialist,established,0.9347269181527602,0.5088677161843661
3517,habitual_regular,established,0.9849527040702345,0.765028899471164
3518,trialist,new_society,0.8012790687922458,0.41242866196303096
3519,trialist,established,0.8554642371762486,0.39966569298551136
3520,habitual_regular,established,0.8920158889980685,0.6611989071907032
3521,trialist,new_society,0.49515932164093496,0.5475868849534598
3522,promo_hunter,new_society,0.8645513092151488,0.13008147204570225
3523,habitual_regular,established,0.7907185132478178,0.3639101711735462
3524,habitual_regular,established,0.7484958834798913,0.32768582853600425
3525,habitual_regular,established,0.8037497980899352,0.5363972501494124
3526,habitual_regular,established,0.7078302779524244,0.7974541384427127
3527,promo_hunter,established,0.7414092368161991,0.1335570130720169
3528,habitual_regular,new_society,0.7346339271069586,0.629257925910725
3529,promo_hunter,new_society,0.9793891963872149,0.30972769971188213
3530,power_user,new_society,0.6380259741612827,0.7853958767306253
3531,habitual_regular,established,0.8684597813666514,0.6252928341811883
3532,promo_hunter,established,0.9598824179457401,0.34402598989053823
3533,promo_hunter,new_society,0.7579181682987589,0.35005468189382344
3534,promo_hunter,new_society,0.8974189119989409,0.8052157740623733
3535,trialist,new_society,0.7402012197914977,0.649450541994589
3536,promo_hunter,established,0.8576227981518433,0.7448600372381939
3537,promo_hunter,established,0.606621103972277,0.3214467172453546
3538,habitual_regular,established,0.8962222482862352,0.3876875409022532
3539,promo_hunter,established,0.5751968405354736,0.3141356056921075
3540,trialist,established,0.8613199839609194,0.2590957638332741
3541,trialist,new_society,0.8439231766856856,0.43237846447452466
3542,trialist,established,0.9533894601677324,0.4328463130929099
3543,promo_hunter,established,0.7411500102538299,0.2901089026213109
3544,habitual_regular,new_society,0.7308198438870509,0.716805459209833
3545,promo_hunter,new_society,0.688714257478357,0.6198150815545328
3546,habitual_regular,new_society,0.82187362247582,0.6877907026532174
3547,promo_hunter,established,0.9840011025542703,0.12086003604547094
3548,habitual_regular,established,0.8850231755999048,0.6050524808756089
3549,habitual_regular,new_society,0.8582543117819253,0.5470390679371745
3550,habitual_regular,established,0.9076625213893078,0.6616620350871528
3551,habitual_regular,established,0.7546392106180547,0.6698768263488045
3552,promo_hunter,new_society,0.8634861982504429,0.4384665706561279
3553,trialist,established,0.9045676888179125,0.5837627801665778
3554,habitual_regular,established,0.7295855954531393,0.6905430412088176
3555,habitual_regular,established,0.7025558908765024,0.2621955401965468
3556,habitual_regular,new_society,0.8510604866444859,0.6086337719120822
3557,promo_hunter,new_society,0.9011341061097607,0.432161480479106
3558,habitual_regular,new_society,0.8692984418809082,0.5215068679302964
3559,habitual_regular,new_society,0.7103890481330548,0.6311830866333826
3560,trialist,new_society,0.7619729343492161,0.39143390330412514
3561,trialist,new_society,0.878051439659937,0.4265318974154565
3562,promo_hunter,established,0.9501521882719658,0.20604489672090187
3563,habitual_regular,established,0.9947227675785245,0.506630429408702
3564,habitual_regular,established,0.7965858990990312,0.646998599792448
3565,trialist,established,0.8763561767188135,0.6181971069410345
3566,habitual_regular,established,0.7219638342505482,0.6315366855275277
3567,habitual_regular,new_society,0.9378354410757224,0.7914211715225872
3568,habitual_regular,established,0.8060670133895566,0.4696998515727023
3569,trialist,new_society,0.8385971454426067,0.6413786262589373
3570,habitual_regular,established,0.947557315948009,0.8155025285492724
3571,promo_hunter,established,0.9172186745589807,0.6524737566132878
3572,habitual_regular,established,0.5369095809385243,0.8930984268560187
3573,promo_hunter,established,0.7880373949083727,0.262713750378898
3574,habitual_regular,established,0.8631315663012427,0.6804148207552461
3575,promo_hunter,new_society,0.45869989758337243,0.35519516310965993
3576,trialist,established,0.9558620438577022,0.6885387855038734
3577,trialist,established,0.852726853079032,0.2044875863617468
3578,habitual_regular,established,0.9379868515735584,0.910139034544436
3579,habitual_regular,new_society,0.8125696538909981,0.8203951655711741
3580,trialist,established,0.9836181442562167,0.43896994789002486
3581,trialist,established,0.7802772795104966,0.3003965885679748
3582,promo_hunter,new_society,0.991385434944719,0.45046477594395773
3583,promo_hunter,new_society,0.9272114904146963,0.4314071375908345
3584,trialist,established,0.9283039144819025,0.29583803753035826
3585,promo_hunter,new_society,0.7308989294582393,0.302846003867049
3586,promo_hunter,established,0.7378871819098122,0.4222554369845288
3587,promo_hunter,established,0.8614022960932991,0.49680851704955115
3588,promo_hunter,established,0.9219523104998558,0.5937800493971848
3589,habitual_regular,established,0.9492727881323816,0.722405860589651
3590,habitual_regular,new_society,0.9169415905581315,0.6306905982187222
3591,promo_hunter,established,0.8968466466257873,0.49487402308826994
3592,trialist,established,0.6702137953113926,0.3381583497994547
3593,habitual_regular,new_society,0.739740789059754,0.7812712213501982
3594,trialist,new_society,0.9263846522295037,0.544410772210869
3595,trialist,established,0.6388911882295777,0.7507009997791222
3596,habitual_regular,established,0.911722216156418,0.513132399748567
3597,promo_hunter,established,0.9120372196892969,0.11386015871970823
3598,trialist,new_society,0.9603875295179275,0.47888835832517057
3599,promo_hunter,new_society,0.9239084513260075,0.513629977019163
3600,power_user,new_society,0.8129258542506623,0.7480547593887588
3601,habitual_regular,established,0.4321903318008792,0.6431356396552909
3602,habitual_regular,new_society,0.8113095503059857,0.5580818595944607
3603,trialist,established,0.8099590792721971,0.4469646213524996
3604,promo_hunter,established,0.845152045300569,0.2879878400043871
3605,habitual_regular,new_society,0.8658258209846704,0.9210551309970383
3606,promo_hunter,new_society,0.8860706168233645,0.3230967398392756
3607,trialist,established,0.9744875879996318,0.6572578938889791
3608,trialist,new_society,0.9650682495066195,0.49921664304598906
3609,promo_hunter,established,0.9729253426739962,0.15594642576359524
3610,trialist,established,0.7168637417930779,0.5174610468945402
3611,habitual_regular,new_society,0.7712647626656607,0.6684236464792409
3612,power_user,established,0.7078038125820889,0.7399934315106417
3613,habitual_regular,established,0.9021746057006391,0.41884075894161177
3614,promo_hunter,new_society,0.7631160510350665,0.2539921367749984
3615,habitual_regular,established,0.737965514221652,0.51396044427197
3616,habitual_regular,established,0.8634976775398333,0.7321121193302286
3617,habitual_regular,established,0.8555340519086045,0.7430825756039675
3618,promo_hunter,established,0.9942084307174814,0.3420946811124316
3619,habitual_regular,established,0.8516369209282578,0.948158480432643
3620,trialist,new_society,0.8987035601518064,0.19242568787877318
3621,promo_hunter,established,0.9550716908701163,0.22861849843160814
3622,promo_hunter,established,0.986006570450056,0.2967850259646538
3623,trialist,established,0.7760677765486134,0.5704364197244395
3624,trialist,established,0.7038794149389568,0.5656079821870187
3625,promo_hunter,new_society,0.8244936157955459,0.2270713928482214
3626,trialist,established,0.7630009453205446,0.5728262480707237
3627,promo_hunter,new_society,0.8181635867625389,0.2587637189359458
3628,habitual_regular,established,0.7890821453689209,0.5659656719681124
3629,promo_hunter,established,0.9254271016535602,0.17213409215454087
3630,trialist,new_society,0.8673583195736979,0.29744495880116534
3631,habitual_regular,new_society,0.8101497047283918,0.7514447638638692
3632,trialist,new_society,0.45661276691284336,0.34789092780905523
3633,habitual_regular,established,0.932628942997598,0.40046913818125734
3634,habitual_regular,established,0.6313281308204387,0.5958473371791433
3635,trialist,established,0.8928100512171256,0.600585568489304
3636,habitual_regular,established,0.9647833660747225,0.7986626988870082
3637,habitual_regular,established,0.7582517525695701,0.21946287779844437
3638,power_user,established,0.7289558561450127,0.840863794580834
3639,trialist,new_society,0.8946502381801563,0.4934899455615751
3640,power_user,new_society,0.8500756267280019,0.7254981204862828
3641,promo_hunter,established,0.7890240661293504,0.23831716060964708
3642,habitual_regular,established,0.8784917477358996,0.321847452121038
3643,promo_hunter,new_society,0.7315427651028357,0.6364210829898682
3644,habitual_regular,established,0.7639848043701869,0.29551388125028705
3645,trialist,new_society,0.8334403567317815,0.5228439251370552
3646,promo_hunter,established,0.8967072768833956,0.24985795121240809
3647,promo_hunter,established,0.8706947395843287,0.3386362726881122
3648,habitual_regular,established,0.9303707406686559,0.2877524304093809
3649,promo_hunter,established,0.8141485839619818,0.25223324013784454
3650,trialist,established,0.7642884901331458,0.31426278707821076
3651,promo_hunter,new_society,0.746532710665592,0.39013663487367095
3652,promo_hunter,established,0.9454619108195649,0.462679581189634
3653,promo_hunter,established,0.539581308742999,0.1444977519542084
3654,trialist,established,0.7916054300156649,0.5181397290975153
3655,power_user,established,0.7337714503194877,0.5574269199378901
3656,power_user,established,0.6939212740225575,0.9148970465044912
3657,power_user,established,0.7827902351261363,0.7097640620580391
3658,habitual_regular,new_society,0.7744615544526302,0.36265876425333243
3659,habitual_regular,established,0.8319595656530304,0.4532086338473127
3660,promo_hunter,new_society,0.9352663838769282,0.33211062516729933
3661,habitual_regular,established,0.8639732693157474,0.8199572228519092
3662,power_user,new_society,0.6987511609015677,0.906246763620493
3663,trialist,established,0.8693142894513021,0.4454389478490129
3664,promo_hunter,new_society,0.7521584197934545,0.08796184998011433
3665,promo_hunter,new_society,0.801356570482849,0.2874536980668595
3666,habitual_regular,established,0.8175724985779023,0.5126586471677762
3667,trialist,new_society,0.9052448053258716,0.2465397418589176
3668,trialist,new_society,0.8887573267315977,0.23941461676206233
3669,power_user,new_society,0.7002233682266032,0.9505855717013358
3670,trialist,established,0.6311540180166306,0.6207415536719961
3671,habitual_regular,new_society,0.8418609540320137,0.32599618816481407
3672,promo_hunter,new_society,0.9156105322235172,0.3131702304368616
3673,habitual_regular,established,0.8869233925097335,0.9250878459083589
3674,promo_hunter,established,0.815255292471446,0.19810486956761242
3675,trialist,established,0.8727730650369268,0.3780387986187355
3676,promo_hunter,new_society,0.861521277804499,0.5982187253177781
3677,habitual_regular,established,0.8675295871418535,0.8651086093711294
3678,promo_hunter,new_society,0.8700166333764162,0.41728839984797245
3679,power_user,new_society,0.7281985343658086,0.8451253807348594
3680,trialist,new_society,0.6551437455601972,0.5434442561574024
3681,habitual_regular,established,0.8015423855486122,0.8152957977278285
3682,promo_hunter,established,0.5284208539071159,0.2396618938812939
3683,promo_hunter,new_society,0.7848870437930402,0.6304862335828331
3684,trialist,established,0.9090972844280188,0.5738666876360707
3685,promo_hunter,new_society,0.9341576449845164,0.19418931189473204
3686,habitual_regular,established,0.7806343447598876,0.8043638154062567
3687,promo_hunter,new_society,0.8125240328181034,0.3536461511360263
3688,habitual_regular,established,0.9534266088440735,0.6762582272630212
3689,power_user,established,0.5923932669128368,0.8013188607904151
3690,power_user,established,0.88847978098334,0.8517959991306898
3691,habitual_regular,new_society,0.7427478205353343,0.4993461093923912
3692,habitual_regular,established,0.8092219690652568,0.6120253256154304
3693,power_user,new_society,0.8992799686126356,0.8254623308771205
3694,promo_hunter,new_society,0.9009161537675673,0.563489216603601
3695,trialist,established,0.8143882482835372,0.6464985153539743
3696,trialist,new_society,0.9673348605696472,0.516873956818699
3697,habitual_regular,new_society,0.8519424360986628,0.5037036239564225
3698,power_user,new_society,0.87194134194454,0.8645027346896599
3699,habitual_regular,new_society,0.8972296140747574,0.2718404533031746
3700,promo_hunter,established,0.8700374326276953,0.1664673728619194
3701,promo_hunter,established,0.9208423916069156,0.428865080106441
3702,trialist,established,0.8294406709998278,0.5993200260264081
3703,trialist,established,0.6583449309996044,0.44124458070797123
3704,habitual_regular,established,0.777326823495894,0.4522251846855205
3705,trialist,established,0.8277543206874742,0.4468173558807082
3706,habitual_regular,established,0.8723878486405389,0.6821904597059217
3707,power_user,established,0.8589569800890251,0.9076638872052306
3708,trialist,established,0.7239741161086645,0.5179963332930319
3709,promo_hunter,new_society,0.9312314163356311,0.5757194738589093
3710,trialist,new_society,0.8709857892068076,0.5048241866716331
3711,habitual_regular,established,0.6468789136891175,0.21939864652392527
3712,promo_hunter,new_society,0.7888022070157723,0.2895386119853393
3713,trialist,established,0.883884036565077,0.8597043360112582
3714,habitual_regular,new_society,0.9555134515909656,0.20203072311303713
3715,habitual_regular,established,0.9448775674051832,0.3591059309509168
3716,trialist,new_society,0.9615353966003959,0.5943869305398455
3717,promo_hunter,established,0.8678734809004801,0.45353850957506064
3718,habitual_regular,established,0.7360977760426216,0.9050692717943662
3719,trialist,new_society,0.7269347397246659,0.5355333717038706
3720,habitual_regular,established,0.66069122294677,0.4470288276499568
3721,trialist,established,0.9255236399792434,0.339351677696536
3722,trialist,established,0.7804316943656151,0.6151820024116421
3723,promo_hunter,established,0.5728274744419961,0.7333516329015122
3724,habitual_regular,established,0.6221379006317066,0.24973808064292058
3725,promo_hunter,new_society,0.6695479889004674,0.4623634423327727
3726,promo_hunter,new_society,0.9577279448146869,0.07910250537347192
3727,trialist,new_society,0.8230089849863015,0.6141873000834084
3728,promo_hunter,new_society,0.8370033208500954,0.5958292833577533
3729,promo_hunter,new_society,0.6247777741814455,0.4022348538739273
3730,promo_hunter,established,0.9431719392769435,0.46166086784671634
3731,trialist,new_society,0.8966555739884956,0.48443179955904186
3732,promo_hunter,established,0.8314456229435471,0.27200784197656586
3733,promo_hunter,new_society,0.8116795173706587,0.0892953433279577
3734,habitual_regular,established,0.7010246285404954,0.2588659254551225
3735,power_user,new_society,0.773527895972834,0.5006049376803563
3736,promo_hunter,established,0.8305596119274817,0.3628664809371246
3737,promo_hunter,new_society,0.7675487271296614,0.7134354546343173
3738,trialist,established,0.870160212213195,0.537345540042326
3739,promo_hunter,established,0.8801577712435286,0.15721104903423533
3740,trialist,established,0.7923431128721864,0.5262291456274029
3741,habitual_regular,established,0.6842609778275606,0.4371148730837497
3742,promo_hunter,established,0.7454480211107269,0.18022803944346127
3743,habitual_regular,established,0.9549568578020653,0.45196791744545795
3744,power_user,established,0.7790905290699233,0.8893062706046446
3745,trialist,established,0.9193979821794391,0.5300652788294303
3746,trialist,established,0.9739535350703633,0.6046864928508523
3747,trialist,established,0.9617798454208344,0.6862636716500563
3748,habitual_regular,new_society,0.9188926593957126,0.38839576096663847
3749,habitual_regular,established,0.9055086428735518,0.6622175968028247
3750,trialist,established,0.7370937914187753,0.3955081066675967
3751,trialist,established,0.5409478850505279,0.469205742165525
3752,habitual_regular,established,0.6982962659153727,0.8626378023325711
3753,trialist,established,0.7544003377768466,0.6668085082328133
3754,power_user,new_society,0.7430042649006569,0.8605162919561908
3755,promo_hunter,established,0.7413307945740404,0.07317174158323572
3756,trialist,new_society,0.6985418152607943,0.3058973154170393
3757,promo_hunter,new_society,0.753192675945876,0.409388003553509
3758,power_user,established,0.6711017353828043,0.6886975347587978
3759,promo_hunter,established,0.8831934523379025,0.2652058863818121
3760,trialist,established,0.6513134731226401,0.4269166772899914
3761,habitual_regular,new_society,0.839089349202258,0.556276720606853
3762,habitual_regular,established,0.8300605561147242,0.5883061588211324
3763,power_user,new_society,0.9580543472935682,0.6258517614684864
3764,promo_hunter,new_society,0.7258938407851212,0.18476287724727375
3765,habitual_regular,established,0.8546446172425829,0.6271297620890386
3766,habitual_regular,established,0.6999825865000726,0.5542227224683852
3767,habitual_regular,established,0.8645283768753813,0.6025046546056804
3768,promo_hunter,established,0.941655103251551,0.38182301589011025
3769,promo_hunter,established,0.795221094352004,0.5974241464507231
3770,promo_hunter,established,0.8160738081325525,0.7939196158135748
3771,promo_hunter,new_society,0.72587266309462,0.19112797290155742
3772,power_user,established,0.5685978185580095,0.811554794331092
3773,promo_hunter,established,0.840738347667304,0.4270397497530032
3774,habitual_regular,established,0.9200494202111315,0.5965081816841354
3775,trialist,established,0.6342378961743557,0.4963008900662714
3776,trialist,new_society,0.7864937877468143,0.5625415556979358
3777,trialist,established,0.6841195219585087,0.5503554631569526
3778,trialist,established,0.8535781698022865,0.5747803529231783
3779,promo_hunter,established,0.9063885173791025,0.4853252364811887
3780,promo_hunter,established,0.9598531377121168,0.4582599795412132
3781,trialist,established,0.6475017504900951,0.3511467466802873
3782,habitual_regular,new_society,0.6431102979383203,0.4873011025788176
3783,promo_hunter,established,0.9046094337471353,0.2844835251181099
3784,promo_hunter,new_society,0.791858255390755,0.28467552129313267
3785,trialist,established,0.9572978742923137,0.8400493428496649
3786,promo_hunter,new_society,0.8522453578830914,0.7985659833023949
3787,habitual_regular,new_society,0.8704218023947391,0.5373056928961696
3788,trialist,new_society,0.8403538551369714,0.7119511366302269
3789,promo_hunter,established,0.8798818234464414,0.665650652344581
3790,trialist,established,0.9577921379978281,0.34553513405859765
3791,habitual_regular,new_society,0.8899765548068181,0.6315264190084957
3792,trialist,established,0.7243114374337523,0.6020607175674101
3793,habitual_regular,new_society,0.5973329006508983,0.3998593806893153
3794,power_user,new_society,0.4200676458053134,0.5645645477826136
3795,habitual_regular,established,0.5821314314681125,0.5413157160073514
3796,trialist,established,0.8254346828068256,0.3375982815267563
3797,trialist,new_society,0.8613830110678854,0.6296151006793821
3798,trialist,established,0.9040986789870228,0.40693395768010154
3799,promo_hunter,established,0.7317813216093713,0.20204023949580854
3800,habitual_regular,established,0.6893491606703542,0.5596767383236324
3801,habitual_regular,established,0.7254181416932908,0.5894882557441364
3802,trialist,established,0.5213995613682209,0.39110199033865833
3803,promo_hunter,established,0.7468924539442998,0.6879930882863111
3804,promo_hunter,new_society,0.7684524937863477,0.1604816870863733
3805,power_user,established,0.9251355110371589,0.6920922858660021
3806,trialist,new_society,0.78251797072733,0.3459136561854111
3807,trialist,established,0.5847185101207225,0.5211170930649166
3808,trialist,established,0.818924385419161,0.43393481132694955
3809,power_user,new_society,0.7926159501864279,0.9458253125903069
3810,promo_hunter,established,0.7738143335918932,0.265875978334534
3811,promo_hunter,established,0.7970352028828922,0.7434245480089031
3812,trialist,new_society,0.8790774314507,0.38476311702199156
3813,trialist,established,0.679001636861856,0.5603103346705903
3814,trialist,established,0.6238227149035269,0.6415297897406377
3815,habitual_regular,new_society,0.7880608963009074,0.8480297365760555
3816,trialist,new_society,0.8396059439002942,0.389948535134715
3817,trialist,new_society,0.8174615986181443,0.6450794553299984
3818,promo_hunter,new_society,0.6350144833327227,0.28163299833258815
3819,habitual_regular,established,0.9663023593882498,0.4452125986493648
3820,trialist,established,0.7780301166308947,0.5226676759714385
3821,power_user,established,0.819344425928781,0.9747630569294936
3822,promo_hunter,established,0.7341390668043074,0.22118217201393056
3823,trialist,established,0.8880345252588019,0.4427091616524697
3824,trialist,new_society,0.8268558911361901,0.3860587946791778
3825,promo_hunter,new_society,0.6589436546031263,0.40986798174433
3826,trialist,new_society,0.5028364955541098,0.4184374076102508
3827,trialist,established,0.8215272061040354,0.3435365539395029
3828,trialist,established,0.8968364526228902,0.5377774354449547
3829,trialist,established,0.8049427641699859,0.47516591721970736
3830,habitual_regular,established,0.749568807164522,0.8121314516277688
3831,power_user,established,0.7967112196877205,0.6636223789081706
3832,power_user,new_society,0.5635218087069445,0.8368754206391813
3833,promo_hunter,established,0.8564701701111073,0.32561822275232544
3834,trialist,new_society,0.8572422861045422,0.4007808603222125
3835,trialist,new_society,0.5344380168777196,0.31536309677476676
3836,trialist,new_society,0.6707057361914481,0.5859030524021259
3837,promo_hunter,established,0.921879579317491,0.6219734703940275
3838,trialist,new_society,0.7993895752138948,0.7261940414464574
3839,promo_hunter,new_society,0.5840137152733282,0.40089474132606756
3840,trialist,established,0.8008632446001809,0.2802832877569646
3841,power_user,new_society,0.628632339183692,0.8438489502879238
3842,promo_hunter,new_society,0.7801407346911813,0.2548330516130563
3843,promo_hunter,established,0.816699543809341,0.36648739227997956
3844,habitual_regular,new_society,0.6341425587197519,0.7902119762699538
3845,habitual_regular,established,0.7741601920688158,0.6977112239828712
3846,trialist,new_society,0.8876110919945269,0.373809174670332
3847,trialist,new_society,0.9889192428892362,0.7243129288639454
3848,trialist,established,0.7541525444798572,0.4479439575231814
3849,promo_hunter,established,0.9717355604550522,0.035732465527303095
3850,habitual_regular,established,0.735972150507408,0.56433178075889
3851,promo_hunter,established,0.767148592330334,0.2663220258883569
3852,power_user,established,0.4399610982347344,0.8479342263119598
3853,trialist,established,0.746252103184223,0.6253676990074505
3854,promo_hunter,established,0.7919064194715614,0.30814516209623716
3855,habitual_regular,established,0.6008447704022051,0.4792805014839858
3856,promo_hunter,established,0.89470976153098,0.4254924105052157
3857,promo_hunter,new_society,0.9825854614883975,0.15333439410710004
3858,habitual_regular,established,0.7913317100691861,0.874613494703729
3859,promo_hunter,new_society,0.6531975698491039,0.35594988069452294
3860,trialist,new_society,0.9576045054675342,0.3543599096234144
3861,habitual_regular,new_society,0.6551668439486279,0.8861236336404146
3862,trialist,new_society,0.660272695283464,0.3880463200701414
3863,promo_hunter,established,0.9353896632652611,0.2770444021181873
3864,promo_hunter,established,0.7254351017622773,0.1643586585331382
3865,habitual_regular,new_society,0.8686965337559519,0.5962349832859419
3866,habitual_regular,established,0.9249827916191724,0.5179522316923072
3867,habitual_regular,established,0.8431244688533721,0.6409371057062747
3868,habitual_regular,established,0.9111615183449758,0.6452659498911552
3869,promo_hunter,established,0.9083118602802221,0.3213832586319984
3870,trialist,established,0.9167667239266679,0.7014809321390426
3871,habitual_regular,established,0.8766615781069447,0.7171415395805645
3872,promo_hunter,established,0.9542260840049412,0.4081311659816374
3873,habitual_regular,established,0.8599212103521223,0.7442007413212394
3874,trialist,established,0.8906661608284003,0.5665661608292276
3875,promo_hunter,established,0.7940535743276438,0.6002872830247984
3876,promo_hunter,new_society,0.8916352673996871,0.38222522776326645
3877,trialist,established,0.7192371578651139,0.5655176043929641
3878,habitual_regular,new_society,0.6056677734130279,0.9128809728300801
3879,habitual_regular,new_society,0.8271607056708207,0.6590007236370767
3880,habitual_regular,established,0.8079657786196706,0.5742546105733978
3881,trialist,new_society,0.9627721176858599,0.4828994981965791
3882,power_user,new_society,0.8611859682773784,0.8757357768190837
3883,trialist,established,0.7394179368844419,0.453617871342591
3884,habitual_regular,established,0.8940543710959753,0.7083109805117564
3885,habitual_regular,established,0.8537157272753103,0.7584885565354144
3886,promo_hunter,established,0.8629090147130984,0.5306723156927181
3887,promo_hunter,new_society,0.7106059748214781,0.472303614141675
3888,promo_hunter,established,0.8868896984415245,0.4518920521561879
3889,power_user,established,0.9036359922523379,0.5420577768657708
3890,promo_hunter,new_society,0.9481547547045235,0.4594863520117915
3891,trialist,established,0.863621415053134,0.5990106397984782
3892,habitual_regular,established,0.7117084379585749,0.5360081252975922
3893,promo_hunter,established,0.6689389640005832,0.16956626510515482
3894,promo_hunter,established,0.7367933531343678,0.33656637156160385
3895,trialist,established,0.8263589287284115,0.5163498423126932
3896,promo_hunter,new_society,0.7397428333157728,0.2979723465527842
3897,habitual_regular,established,0.8553178356953932,0.46786043514722114
3898,habitual_regular,new_society,0.746417350490996,0.7669252062874561
3899,promo_hunter,established,0.8228463918599624,0.5111949115737338
3900,habitual_regular,new_society,0.7309270076668679,0.7036165165248797
3901,power_user,established,0.759535689018025,0.8890969688117488
3902,power_user,new_society,0.7364490689042471,0.8946098508521502
3903,promo_hunter,new_society,0.6006739776776278,0.6447236875959963
3904,trialist,new_society,0.8459096586900929,0.3708488626250334
3905,trialist,established,0.8089623163942636,0.611979470033633
3906,habitual_regular,established,0.720128907106998,0.6358152855452256
3907,habitual_regular,established,0.7303104451198782,0.5995557459267573
3908,habitual_regular,established,0.7806456539024368,0.8529809413204524
3909,habitual_regular,new_society,0.8099945911792871,0.3944651027386779
3910,habitual_regular,new_society,0.9069849394509828,0.652248948062257
3911,power_user,established,0.9033508283899737,0.6840445832230342
3912,promo_hunter,new_society,0.6836507674521877,0.4996174742510134
3913,power_user,established,0.5527566349596723,0.8762394621641791
3914,trialist,new_society,0.8630075731174214,0.6864117874789766
3915,promo_hunter,new_society,0.6674426145230992,0.8014559994514994
3916,promo_hunter,established,0.7653043312177299,0.34905233371705213
3917,trialist,established,0.8349277872493239,0.28492215456118125
3918,habitual_regular,established,0.8520596158485821,0.5558372708962064
3919,habitual_regular,established,0.8496638425054022,0.7035103525525839
3920,trialist,established,0.9519309627551822,0.5690827120162998
3921,promo_hunter,established,0.9552420817982931,0.4123874430701893
3922,habitual_regular,new_society,0.89328136025911,0.7293152869695397
3923,habitual_regular,established,0.6674544217990069,0.5156777294424134
3924,habitual_regular,established,0.8171629468295971,0.7268816013928531
3925,trialist,established,0.8592882285298808,0.2667489798092227
3926,trialist,new_society,0.8621321262278093,0.38750255414500473
3927,trialist,established,0.8828811596473687,0.6873817011916868
3928,power_user,established,0.62755726728619,0.7582262762741374
3929,habitual_regular,established,0.8386327756516262,0.757463040544105
3930,habitual_regular,new_society,0.9484721463705847,0.6122144922185887
3931,habitual_regular,new_society,0.6419672748768094,0.5099592208905429
3932,promo_hunter,established,0.8429593165627713,0.2868855340600558
3933,trialist,established,0.7283034584048932,0.8495131456194708
3934,trialist,established,0.8200710425886526,0.31655416464282365
3935,trialist,established,0.8589048195671697,0.3232624429754062
3936,promo_hunter,new_society,0.8647928652294783,0.5012994775083808
3937,promo_hunter,new_society,0.8899968679096781,0.40829220512064207
3938,promo_hunter,established,0.8509669789575921,0.4858118392288352
3939,habitual_regular,established,0.9829393098136088,0.7783204495744073
3940,promo_hunter,new_society,0.7577189317295298,0.3794672431241333
3941,habitual_regular,established,0.7936888594765173,0.5187915122931639
3942,habitual_regular,new_society,0.7183332237578038,0.6214253313403171
3943,promo_hunter,new_society,0.714430429870222,0.5737082062338011
3944,habitual_regular,new_society,0.6005185580126955,0.6235745834181227
3945,trialist,established,0.7955777894289334,0.6202173772586712
3946,trialist,established,0.7505097623061552,0.7438749940455078
3947,power_user,new_society,0.9336321451602614,0.9030051747005201
3948,habitual_regular,new_society,0.8915755397771186,0.9068397275073884
3949,promo_hunter,established,0.8478297279410185,0.5928789523553725
3950,trialist,new_society,0.8541217993164304,0.35133902863960415
3951,habitual_regular,new_society,0.6577698090671508,0.650454795486889
3952,trialist,established,0.6711486833161555,0.38708097899121663
3953,promo_hunter,established,0.7107090078338414,0.6593884937798984
3954,habitual_regular,established,0.7300581110481003,0.7463134158274484
3955,habitual_regular,new_society,0.9269402781224221,0.7032894020342797
3956,trialist,established,0.8418339827261847,0.5853092580322792
3957,habitual_regular,new_society,0.8613812817239619,0.8789764540918698
3958,habitual_regular,new_society,0.9383994531122114,0.5648806469003468
3959,trialist,new_society,0.792121111701182,0.4688714536462126
3960,promo_hunter,established,0.6133345567742569,0.39575375513487915
3961,habitual_regular,new_society,0.5393960469155106,0.39609494518880384
3962,habitual_regular,established,0.6098018124738614,0.6870102309583073
3963,habitual_regular,established,0.7924555647771948,0.6341190311013886
3964,habitual_regular,established,0.7792878778173915,0.659093685940051
3965,trialist,established,0.759849731592293,0.4603196675541539
3966,promo_hunter,new_society,0.8039872883908161,0.4089745201009813
3967,trialist,established,0.7989310650163793,0.4573123676895542
3968,promo_hunter,new_society,0.655074982949698,0.24155416022262013
3969,promo_hunter,established,0.9643083597228452,0.2554368865273684
3970,promo_hunter,established,0.7220125216200327,0.5673694859355318
3971,habitual_regular,new_society,0.8005671292697464,0.5053981435502819
3972,habitual_regular,established,0.8514929013064798,0.7769339726908017
3973,habitual_regular,established,0.7529314638744194,0.7939992846485944
3974,trialist,established,0.872165916808636,0.7191800179337691
3975,promo_hunter,new_society,0.5414542948980935,0.6471367910024935
3976,trialist,established,0.8916645921386629,0.5809598534718852
3977,promo_hunter,new_society,0.8712323306357844,0.2657035214947231
3978,habitual_regular,established,0.8920849546596495,0.7421253164769344
3979,promo_hunter,new_society,0.738203352135549,0.3145023802993405
3980,promo_hunter,established,0.7621788560095181,0.48380089873907695
3981,trialist,established,0.5369844996804272,0.7463494311768888
3982,habitual_regular,established,0.681057645634625,0.4841246678654554
3983,habitual_regular,established,0.9052843416950994,0.9729031034588217
3984,habitual_regular,established,0.8705145557352035,0.38971961018566237
3985,habitual_regular,new_society,0.7501215481198569,0.6873123352189308
3986,promo_hunter,new_society,0.7702557658251712,0.30476685846822815
3987,habitual_regular,established,0.929619932866237,0.42426025053123345
3988,promo_hunter,established,0.7622479150123256,0.10835741740193969
3989,power_user,established,0.913008193110937,0.7943045009444215
3990,promo_hunter,established,0.9066950624447776,0.44345745650503215
3991,promo_hunter,established,0.9245155038205793,0.3853131794668092
3992,trialist,established,0.5469760946076835,0.48835888238188385
3993,promo_hunter,established,0.7508385692508001,0.16642131201963759
3994,habitual_regular,established,0.9375677718783744,0.8143542661189146
3995,trialist,new_society,0.9018705122304528,0.5554510896081667
3996,trialist,established,0.8600407356524391,0.3615982278793661
3997,habitual_regular,new_society,0.7389478546799009,0.6004701943743438
3998,promo_hunter,established,0.9321412741924809,0.428199456145753
3999,promo_hunter,new_society,0.9581201449610052,0.5755791190383838
4000,promo_hunter,established,0.9108292006998625,0.42614464383368306
